Track Name,Artist Name(s),Decade,Duration (ms),Popularity,Danceability,Energy,Key,Loudness,Speechiness,Acousticness,Liveness,Valence,Tempo,Time Signature
I Ain't No Joke,Eric B. & Rakim,80,232760,52,0.854,0.706,11,-9.5,0.335,0.162,0.0994,0.747,104.214,4
I'm Bad,LL COOL J,80,279960,41,0.632,0.613,2,-9.553,0.18,0.0012,0.379,0.726,179.243,4
Children's Story,Slick Rick,80,242040,61,0.904,0.577,1,-7.293,0.132,0.125,0.115,0.7,102.691,4
Boyz-N-The-Hood,Eazy-E,80,339893,68,0.785,0.479,3,-10.247,0.362,0.0417,0.334,0.727,87.691,4
Top Billin - Acapella,Audio Two,80,175706,42,0.913,0.351,10,-13.57,0.354,0.0102,0.401,0.727,91.499,4
I Got It Made,Special Ed,80,221986,46,0.816,0.471,10,-13.244,0.291,0.112,0.117,0.742,95.248,4
6 'N the Mornin',ICE-T,80,224866,48,0.823,0.745,5,-6.637,0.247,0.00282,0.323,0.58,91.919,4
Ain't No Half-Steppin',Big Daddy Kane,80,319906,50,0.836,0.728,10,-12.058,0.234,0.00569,0.0649,0.599,100.842,4
9mm Goes Bang,Boogie Down Productions,80,257223,49,0.779,0.641,2,-11.228,0.158,0.134,0.0831,0.885,164.976,4
Vapors,Biz Markie,80,362293,41,0.848,0.556,1,-10.046,0.245,0.000183,0.335,0.362,93.498,4
Eric B. Is President,"Eric B. & Rakim,Marley Marl",80,378533,39,0.891,0.69,1,-8.649,0.378,0.067,0.234,0.835,96.561,4
Hey DJ,Worlds Famous Supreme Team,80,206081,44,0.786,0.963,9,-2.84,0.127,0.207,0.169,0.897,94.63,4
Subway Theme,Grand Wizard Theodore,80,173306,37,0.829,0.852,2,-4.655,0.346,0.351,0.324,0.713,103.127,4
Smooth Operator,Big Daddy Kane,80,284466,48,0.891,0.319,4,-16.099,0.333,0.0933,0.0482,0.687,92.649,4
Straight Outta Compton,N.W.A.,80,258687,72,0.834,0.878,8,-9.484,0.15,0.0461,0.334,0.418,102.848,4
The Bridge Is Over,Boogie Down Productions,80,204601,44,0.822,0.447,0,-9.836,0.448,0.0173,0.0643,0.556,179.837,4
Just a Friend,Biz Markie,80,238266,59,0.862,0.663,0,-9.004,0.21,0.12,0.318,0.837,85.308,4
The Gas Face,3rd Bass,80,229840,38,0.89,0.828,2,-7.901,0.349,0.195,0.315,0.608,101.865,4
"Hold It Now, Hit It",Beastie Boys,80,206213,47,0.791,0.738,6,-8.768,0.355,0.0123,0.351,0.891,95.3,4
Rock The Bells,LL COOL J,80,240493,50,0.896,0.517,6,-12.813,0.143,0.00596,0.124,0.285,98.472,4
P.S.K. 'What Does It Mean'?,Schoolly D,80,388906,37,0.606,0.868,7,-13.493,0.177,0.224,0.692,0.28,98.832,4
Microphone Fiend,Eric B. & Rakim,80,314600,49,0.586,0.795,11,-8.71,0.258,0.354,0.187,0.694,94.101,4
You Gots To Chill,EPMD,80,261839,51,0.882,0.814,8,-5.214,0.424,0.089,0.16,0.854,99.689,4
Express Yourself - Remix,N.W.A.,80,261399,58,0.852,0.803,6,-6.929,0.264,0.00204,0.121,0.752,96.2,4
Rebel Without A Pause,Public Enemy,80,302800,49,0.755,0.692,7,-13.906,0.346,0.0127,0.69,0.651,99.771,4
Looking for the Perfect Beat - Original 12 Version,"Afrika Bambaataa,The Soulsonic Force",80,422493,43,0.821,0.908,0,-11.392,0.0666,0.0432,0.111,0.77,119.562,4
Mona Lisa,Slick Rick,80,248160,36,0.93,0.609,9,-12.61,0.197,0.0629,0.0673,0.771,106.876,4
Cold Gettin' Dumb,Just-Ice,80,272786,36,0.795,0.775,1,-7.492,0.162,0.0294,0.0367,0.833,96.027,4
Beat Bop - Edit,"Rammellzee,K-Rob",80,370533,33,0.813,0.45,9,-14.59,0.349,0.441,0.31,0.827,90.859,4
Beats to the Rhyme,Run–D.M.C.,80,160840,40,0.78,0.828,6,-4.737,0.31,0.00384,0.204,0.538,103.176,4
So Wat Cha Sayin',EPMD,80,297333,43,0.796,0.701,7,-10.857,0.316,0.178,0.157,0.475,102.08,4
My Philosophy,Boogie Down Productions,80,340133,43,0.875,0.907,4,-11.434,0.166,0.0166,0.36,0.743,94.005,4
Genius Rap - 7 Single Version,Dr. Jeckyll & Mr. Hyde,80,280866,37,0.923,0.646,11,-9.249,0.14,0.0625,0.0375,0.673,103.038,4
Friends,Whodini,80,279866,34,0.751,0.82,10,-5.189,0.247,0.0914,0.0406,0.718,192.026,4
Brass Monkey,Beastie Boys,80,157440,64,0.914,0.586,6,-8.435,0.33,0.00203,0.0992,0.655,116.371,4
The Message (feat. Melle Mel & Duke Bootee),"Grandmaster Flash & The Furious Five,Grandmaster Melle Mel,Duke Bootee",80,431800,49,0.947,0.607,10,-10.58,0.202,0.0249,0.0861,0.732,100.619,4
South Bronx,Boogie Down Productions,80,308558,39,0.919,0.465,9,-8.64,0.4,0.28,0.146,0.629,95.867,4
Girls Ain't Nothing But Trouble - 1988 Extended Remix,DJ Jazzy Jeff & The Fresh Prince,80,289293,35,0.602,0.726,7,-8.937,0.248,0.00306,0.0379,0.693,97.765,4
Peter Piper,Run–D.M.C.,80,204133,52,0.873,0.62,7,-8.812,0.293,0.0113,0.0925,0.574,105.332,4
Ego Trippin',Ultramagnetic MC's,80,326680,39,0.922,0.959,7,-3.542,0.277,0.063,0.151,0.51,94.674,4
Follow The Leader,Eric B. & Rakim,80,336866,43,0.787,0.623,10,-18.273,0.178,0.19,0.107,0.818,109.906,4
I Can't Live Without My Radio,LL COOL J,80,327533,33,0.771,0.632,10,-7.799,0.449,0.000347,0.0866,0.86,179.169,4
Bassline,Mantronix,80,326920,39,0.815,0.854,11,-8.664,0.206,0.018,0.317,0.262,102.814,4
Planet Rock,"Afrika Bambaataa,The Soulsonic Force",80,319960,53,0.915,0.807,6,-9.636,0.13,0.011,0.201,0.709,127.35,4
Manifest,Gang Starr,80,290813,35,0.849,0.803,6,-6.775,0.275,0.0502,0.24,0.738,90.873,4
Love Rap,Spoonie Gee,80,342093,29,0.838,0.893,1,-10.003,0.123,0.0496,0.105,0.962,106.843,4
Al-Naafyish - Time,Hashim,80,374666,39,0.702,0.828,2,-7.609,0.0485,0.0000935,0.407,0.45,122.757,4
Rock Box,Run–D.M.C.,80,330573,46,0.777,0.892,0,-4.555,0.0932,0.171,0.384,0.648,100.231,4
Planet Rock - Original 12 Version,"Afrika Bambaataa,The Soulsonic Force",80,383960,45,0.947,0.859,6,-6.126,0.162,0.0537,0.19,0.778,127.07,4
Cha Cha Cha,MC Lyte,80,180093,39,0.881,0.889,10,-6.062,0.357,0.155,0.316,0.922,91.325,4
Paid In Full - Seven Minutes Of Madness - The Coldcut Remix,Eric B. & Rakim,80,429560,43,0.812,0.698,4,-8.887,0.126,0.00198,0.33,0.291,98.211,4
Going Way Back,"Just-Ice,KRS-One",80,303933,34,0.815,0.783,7,-7.94,0.392,0.164,0.075,0.889,177.645,4
Shake Your Rump,Beastie Boys,80,198253,55,0.888,0.699,1,-10.425,0.164,0.0159,0.111,0.697,103.066,4
Strong Island,JVC Force,80,359693,36,0.766,0.902,6,-6.36,0.0973,0.754,0.183,0.958,95.883,4
Jam On It,Newcleus,80,383600,50,0.804,0.782,6,-6.224,0.0606,0.00302,0.662,0.346,116.806,4
Renegades of Funk - 12 Vocal Version,"Afrika Bambaataa,The Soulsonic Force",80,403666,35,0.827,0.909,1,-6.779,0.0725,0.009,0.111,0.836,113.913,4
I Need Love,LL COOL J,80,321986,42,0.769,0.417,0,-14.409,0.314,0.0777,0.0964,0.655,88.178,4
Sucker M.C.'s (Krush-Groove 1),Run–D.M.C.,80,189946,44,0.919,0.975,6,-5.636,0.0886,0.0898,0.248,0.884,102.982,4
Talkin' All That Jazz,Stetsasonic,80,288053,47,0.829,0.817,4,-6.539,0.0769,0.00096,0.112,0.622,107.908,4
One For The Treble,Davy DMX,80,390173,33,0.906,0.309,10,-18.704,0.251,0.0000264,0.0641,0.717,105.225,4
Raw (Edit) - 45 Version,Big Daddy Kane,80,248266,35,0.947,0.672,4,-13.819,0.349,0.0662,0.0547,0.741,109.55,4
Jazzy Sensation - Bronx Version,"Afrika Bambaataa,The Jazzy 5",80,583266,33,0.85,0.841,10,-7.308,0.215,0.0554,0.0568,0.84,104.458,4
Don't Believe The Hype,Public Enemy,80,319493,48,0.884,0.472,11,-13.776,0.346,0.0142,0.142,0.826,98.425,4
Jam On Revenge (The Wikki Wikki Song),Newcleus,80,395626,37,0.769,0.825,4,-6.879,0.0897,0.00213,0.2,0.573,112.407,4
The Godfather,Spoonie Gee,80,293733,34,0.818,0.739,7,-9.991,0.0567,0.012,0.0653,0.912,104.657,4
Pack Jam - Remastered 12 Remix,Jonzun Crew,80,314386,34,0.811,0.981,1,-4.837,0.0824,0.00253,0.217,0.315,118.898,4
Strictly Business,EPMD,80,285413,48,0.712,0.895,10,-4.212,0.254,0.181,0.108,0.727,96.338,4
That's the Joint,Funky 4 + 1,80,562066,34,0.851,0.954,1,-4.994,0.0961,0.153,0.319,0.86,105.406,4
My Part of Town,Tuff Crew,80,271333,37,0.944,0.805,6,-9.578,0.327,0.182,0.468,0.833,113.993,4
Get into It,Tony Scott,80,197933,41,0.791,0.851,11,-8.362,0.0519,0.0191,0.331,0.877,121.911,4
It Was A Good Day,Ice Cube,90,260000,81,0.798,0.744,7,-5.328,0.136,0.33,0.292,0.794,82.356,4
I Get Around,"2Pac,Digital Underground",90,259000,68,0.846,0.416,10,-13.767,0.118,0.156,0.238,0.645,96.188,4
N.Y. State of Mind,Nas,90,293973,71,0.665,0.91,6,-4.682,0.223,0.0394,0.227,0.887,84.099,4
Twinz (feat. Fat Joe),"Big Pun,Fat Joe",90,228173,67,0.633,0.764,0,-7.212,0.323,0.32,0.234,0.522,94.971,4
Get Money,Junior M.A.F.I.A.,90,274937,62,0.736,0.828,11,-5.835,0.284,0.477,0.251,0.899,91.224,4
Tonight's Da Night,Redman,90,201373,62,0.697,0.687,6,-11.111,0.379,0.26,0.403,0.866,90.247,4
"C.R.E.A.M. (Cash Rules Everything Around Me) (feat. Method Man, Raekwon, Inspectah Deck & Buddha Monk)","Wu-Tang Clan,Method Man,Raekwon,Inspectah Deck,Buddha Monk",90,252186,74,0.479,0.549,11,-10.551,0.373,0.57,0.127,0.576,180.985,4
Invocation,Common,90,134040,61,0.753,0.539,6,-8.03,0.425,0.0515,0.0841,0.78,83.92,4
It Ain't Hard to Tell,Nas,90,202106,65,0.69,0.729,11,-5.819,0.221,0.000017,0.152,0.357,91.376,4
Do For Love,2Pac,90,281600,75,0.874,0.63,1,-3.585,0.298,0.0578,0.0582,0.717,95,4
"Shook Ones, Pt. II",Mobb Deep,90,325506,76,0.763,0.786,10,-6.472,0.229,0.0146,0.0817,0.504,93.857,4
You Know How We Do It,Ice Cube,90,232773,78,0.747,0.52,10,-10.523,0.0357,0.0977,0.142,0.601,92.869,4
Book of Life,Hi-Tech,90,298707,55,0.647,0.564,1,-7.52,0.109,0.0138,0.144,0.639,94.987,4
Find a Way,A Tribe Called Quest,90,203066,63,0.773,0.581,8,-8.466,0.432,0.0352,0.485,0.711,94.093,4
Hip 2 Da Game,Lord Finesse,90,243106,59,0.769,0.752,11,-6,0.324,0.0317,0.0564,0.527,90.228,4
93 'Til Infinity,Souls Of Mischief,90,286440,70,0.59,0.672,1,-11.792,0.412,0.125,0.147,0.688,206.247,4
Keep Ya Head Up,2Pac,90,262506,70,0.598,0.732,4,-7.013,0.425,0.144,0.508,0.595,172.329,4
Young G's (feat. The Notorious B.I.G. & Jay-Z),"Diddy,The Notorious B.I.G.,JAY-Z",90,325733,59,0.753,0.525,6,-8.32,0.352,0.152,0.141,0.482,169.984,4
Nas Is Like,Nas,90,237026,67,0.634,0.845,11,-5.058,0.352,0.00602,0.0598,0.929,94,4
Temperature's Rising (feat. Crystal Johnson),"Mobb Deep,Crystal Johnson",90,300200,56,0.804,0.823,1,-5.422,0.256,0.0812,0.0794,0.719,87.322,4
Shadowboxin',"GZA,Method Man",90,209973,66,0.704,0.642,1,-10.11,0.39,0.00704,0.161,0.72,92.09,4
Big Poppa - 2005 Remaster,The Notorious B.I.G.,90,249840,63,0.73,0.608,9,-6.417,0.295,0.301,0.207,0.753,84.555,4
Jazzy Belle,Outkast,90,251666,57,0.878,0.65,11,-8.08,0.252,0.0178,0.0408,0.101,92.03,4
Brooklyn's Finest,"JAY-Z,The Notorious B.I.G.",90,275640,53,0.495,0.715,6,-8.855,0.497,0.135,0.0748,0.742,189.876,4
Electric Relaxation,A Tribe Called Quest,90,226133,68,0.866,0.534,11,-9.201,0.229,0.184,0.0929,0.841,98.243,4
Survival of the Fittest,Mobb Deep,90,224533,71,0.813,0.703,11,-5.077,0.268,0.125,0.237,0.241,94.828,4
This D.J.,"Warren G,O.G.L.B.",90,203026,67,0.804,0.443,6,-10.268,0.134,0.0312,0.112,0.58,92.035,4
Fall In Love,Slum Village,90,235212,61,0.796,0.543,1,-7.994,0.164,0.0486,0.124,0.784,91.212,4
Gettin' It (feat. Parliament Funkadelic),"Too $hort,Parliament Funkadelic",90,341426,62,0.902,0.41,1,-5.31,0.219,0.176,0.119,0.647,84.07,4
Who Shot Ya? - 2005 Remaster,The Notorious B.I.G.,90,319360,67,0.831,0.682,7,-5.697,0.238,0.256,0.494,0.6,91.771,4
Thuggish Ruggish Bone,Bone Thugs-N-Harmony,90,281773,68,0.683,0.74,11,-6.041,0.0462,0.00228,0.238,0.65,129.515,4
Coolie High,Camp Lo,90,241133,55,0.765,0.601,11,-9.326,0.203,0.0225,0.385,0.368,85.928,4
"Protect Ya Neck (feat. RZA, Method Man, Inspectah Deck, Raekwon, U-God, Ol' Dirty Bastard, Ghostface Killah & GZA)","Wu-Tang Clan,RZA,Method Man,Inspectah Deck,Raekwon,U-God,Ol' Dirty Bastard,Ghostface Killah,GZA",90,291066,66,0.817,0.552,8,-10.8,0.385,0.0318,0.826,0.808,102.011,4
"Ice Cream (feat. Ghostface Killah, Method Man & Cappadonna)","Raekwon,Ghostface Killah,Method Man,Cappadonna",90,253226,59,0.683,0.902,1,-7.389,0.291,0.219,0.226,0.724,90.447,4
Can't Knock The Hustle,"JAY-Z,Mary J. Blige",90,317800,52,0.78,0.378,7,-11.481,0.464,0.197,0.0782,0.579,94.895,4
Street Dreams,Nas,90,279933,59,0.752,0.611,11,-8.681,0.315,0.21,0.778,0.746,90.993,4
Elevators (Me & You),Outkast,90,265200,59,0.772,0.586,10,-10.434,0.301,0.0234,0.0562,0.643,85.068,4
One More Chance / Stay with Me - Remix; 2007 Remaster,The Notorious B.I.G.,90,268706,64,0.725,0.68,0,-6.037,0.224,0.149,0.127,0.695,90.964,4
Cell Therapy,Goodie Mob,90,277133,56,0.849,0.476,0,-10.479,0.445,0.0965,0.105,0.48,83.21,4
You Know My Steez,Gang Starr,90,247626,57,0.695,0.674,8,-7.014,0.364,0.19,0.282,0.887,179.58,4
I Like It (I Wanna Be Where You Are),Grand Puba,90,263533,57,0.865,0.641,10,-6.652,0.162,0.0613,0.218,0.761,95.307,4
Hail Mary,Makaveli,90,309800,70,0.696,0.636,10,-6.915,0.335,0.158,0.338,0.358,81.593,4
Check the Rhime,A Tribe Called Quest,90,216693,65,0.881,0.361,11,-14.728,0.237,0.0502,0.246,0.799,96.43,4
Passin' Me By,The Pharcyde,90,303493,69,0.759,0.756,4,-8.145,0.266,0.0903,0.265,0.613,87.059,4
ATLiens,Outkast,90,230693,70,0.918,0.734,11,-2.832,0.269,0.0296,0.191,0.608,97.044,4
Hell on Earth (Front Lines),Mobb Deep,90,274093,65,0.875,0.658,0,-3.641,0.359,0.275,0.122,0.661,92.038,4
Keep Their Heads Ringin',Dr. Dre,90,305573,69,0.672,0.777,9,-4.238,0.0956,0.0379,0.159,0.238,90.575,4
I Juswanna Chill,Large Professor,90,208866,58,0.754,0.801,1,-5.992,0.35,0.184,0.132,0.391,90.843,4
Real Muthaphuckkin' G's,Eazy-E,90,332733,70,0.724,0.853,11,-3.895,0.283,0.0164,0.65,0.775,170.51,4
Mass Appeal,Gang Starr,90,221026,62,0.808,0.726,10,-8.435,0.252,0.0208,0.129,0.616,96.12,4
Still Not a Player (feat. Joe) - Radio Version,"Big Pun,Joe",90,236800,70,0.9,0.619,4,-6.518,0.312,0.203,0.0647,0.864,94.121,4
Halftime,Nas,90,260799,60,0.766,0.793,4,-6.638,0.166,0.0303,0.173,0.652,91.925,4
Ambitionz Az A Ridah,2Pac,90,278386,79,0.801,0.91,2,-6.566,0.225,0.00239,0.0737,0.805,87.277,4
Whirlwind Thru Cities,Afu-Ra,90,239413,56,0.842,0.858,10,-3.731,0.253,0.214,0.475,0.736,90.312,4
Grown Man Sport,"Pete Rock,InI",90,276373,56,0.802,0.757,7,-8.01,0.316,0.476,0.163,0.605,88.031,4
You Never Knew,Hieroglyphics,90,273573,52,0.73,0.837,6,-5.359,0.281,0.385,0.321,0.867,92.127,4
Who Got Da Props,Black Moon,90,270066,54,0.805,0.653,8,-11.251,0.185,0.138,0.1,0.257,100.349,4
1st of Tha Month,Bone Thugs-N-Harmony,90,314680,65,0.729,0.581,5,-8.235,0.18,0.0777,0.696,0.508,74.038,4
When I B On Tha Mic,Rakim,90,222933,64,0.836,0.484,2,-7.332,0.327,0.0454,0.0557,0.839,95.941,4
Live at the Barbeque - 2017 Remastered Version,"Main Source,Nas",90,275090,50,0.767,0.909,6,-4.347,0.276,0.0794,0.389,0.389,102.068,4
Ms. Fat Booty,Mos Def,90,223546,70,0.782,0.589,1,-4.827,0.189,0.148,0.164,0.869,90.438,4
Nuthin' But A G Thang,"Dr. Dre,Snoop Dogg",90,238466,4,0.801,0.699,11,-8.18,0.279,0.00575,0.146,0.655,94.605,4
Just Don't Give A Fuck,Eminem,90,242573,61,0.539,0.931,4,-1.803,0.262,0.000713,0.204,0.685,85.571,4
Uknowhowwedu,Bahamadia,90,214866,59,0.534,0.596,6,-10.289,0.388,0.641,0.276,0.908,185.733,4
All Eyez On Me (ft. Big Syke),"2Pac,Big Syke",90,307773,77,0.872,0.723,1,-5.968,0.247,0.0293,0.327,0.843,93.279,4
"Triumph (feat. Ol' Dirty Bastard, Inspectah Deck, Method Man, Cappadonna, U-God, RZA, GZA, Masta Killa, Ghostface Killah & Raekwon)","Wu-Tang Clan,Ol' Dirty Bastard,Inspectah Deck,Method Man,Cappadonna,U-God,RZA,GZA,Masta Killa,Ghostface Killah,Raekwon",90,338186,63,0.739,0.639,2,-6.959,0.358,0.000918,0.352,0.323,91.121,4
Luchini AKA This Is It,Camp Lo,90,240093,57,0.721,0.949,6,-5.685,0.278,0.0495,0.327,0.835,83.028,4
Gotta Get Mine,MC Breed,90,264760,55,0.855,0.52,7,-12.07,0.268,0.184,0.114,0.402,92.451,4
"Flava in Ya Ear Remix (feat. Notorious B.I.G., L.L. Cool J, Busta Rhymes, Rampage)",Craig Mack,90,302013,56,0.52,0.847,9,-5.3,0.427,0.275,0.325,0.799,177.377,4
Word Iz Life,Poor Righteous Teachers,90,270240,52,0.738,0.88,10,-5.364,0.316,0.0175,0.087,0.771,86.99,4
What They Do,The Roots,90,357200,59,0.885,0.414,0,-10.539,0.168,0.341,0.0891,0.683,92.727,4
Player's Ball,Outkast,90,261266,59,0.857,0.764,1,-6.304,0.246,0.0398,0.425,0.578,93.071,4
Leflaur Leflah Eshkoshka,Heltah Skeltah,90,302973,48,0.797,0.547,11,-10.875,0.355,0.0241,0.313,0.71,92.12,4
Me Or The Papes,Jeru The Damaja,90,265533,54,0.713,0.597,6,-10.741,0.37,0.0314,0.0348,0.803,169.646,5
Wreckonize - Remix Vocal,Smif-N-Wessun,90,233199,53,0.775,0.451,1,-9.164,0.0567,0.296,0.123,0.559,92.986,4
Award Tour,A Tribe Called Quest,90,226440,64,0.812,0.6,7,-9.414,0.254,0.00308,0.173,0.555,97.338,4
Fakin Jax,"Pete Rock,InI",90,339826,45,0.675,0.71,10,-7.272,0.295,0.035,0.348,0.729,87.681,4
Hypnotize - 2014 Remaster,The Notorious B.I.G.,90,229826,80,0.901,0.697,9,-3.439,0.28,0.145,0.287,0.67,93.941,4
They Reminisce Over You (T.R.O.Y.),Pete Rock & C.L. Smooth,90,286693,61,0.761,0.683,2,-10.889,0.164,0.141,0.342,0.671,101.787,4
Quiet Storm,Mobb Deep,90,265493,60,0.79,0.728,2,-9.221,0.391,0.366,0.112,0.403,96.978,4
Crush on You,Lil' Kim,90,275640,57,0.827,0.635,11,-6.77,0.251,0.278,0.109,0.766,88.87,4
Big Pimpin',"JAY-Z,UGK",90,283066,69,0.88,0.814,11,-6.307,0.14,0.168,0.0584,0.942,138.083,4
Juicy - 2005 Remaster,The Notorious B.I.G.,90,302760,75,0.889,0.818,9,-4.639,0.253,0.47,0.179,0.782,96.063,4
Resurrection,Common,90,227826,52,0.769,0.682,1,-12.584,0.354,0.0252,0.702,0.433,91.486,4
Brooklyn Zoo,Ol' Dirty Bastard,90,217506,57,0.704,0.701,2,-8.031,0.46,0.549,0.664,0.618,92.032,4
Work,Gang Starr,90,177666,66,0.787,0.832,10,-4.671,0.301,0.0347,0.0593,0.814,92.606,4
I Wish,Skee-Lo,90,249293,65,0.669,0.809,7,-7.146,0.147,0.00137,0.38,0.572,97.885,4
Lost Ones,Ms. Lauryn Hill,90,333906,60,0.832,0.749,2,-6.129,0.37,0.0998,0.0837,0.65,94.899,4
Runnin',The Pharcyde,90,296266,64,0.754,0.785,10,-8.178,0.18,0.0287,0.319,0.821,94.123,4
Let's Ride,Q-Tip,90,246493,55,0.775,0.795,5,-4.171,0.206,0.148,0.0411,0.796,95.212,4
In Baltimore,K-Mack,90,262704,47,0.538,0.9,1,-4.719,0.434,0.0946,0.282,0.74,177.949,4
Crooklyn - Crooklyn/Soundtrack Version,"Crooklyn Dodgers,Buck Shot,Special Ed,Master Ace",90,273453,48,0.842,0.478,2,-9.742,0.221,0.0234,0.892,0.595,95.457,4
Alwayz Into Somethin',N.W.A.,90,264960,59,0.709,0.874,7,-4.522,0.193,0.0114,0.213,0.832,88.546,4
Next Level - Nyte Time Mix,Showbiz & A.G.,90,249933,54,0.87,0.498,11,-12.095,0.29,0.000671,0.0551,0.489,92.887,4
Scenario - LP Mix,A Tribe Called Quest,90,250133,59,0.795,0.6,2,-14.004,0.341,0.112,0.111,0.633,101.78,4
What U See Is What U Get,Xzibit,90,308906,51,0.724,0.806,1,-6.843,0.295,0.0541,0.314,0.586,93.863,4
"Wu-Tang Clan Ain't Nuthing ta F' Wit (feat. RZA, Inspectah Deck & Method Man)","Wu-Tang Clan,RZA,Inspectah Deck,Method Man",90,216133,65,0.826,0.566,10,-10.747,0.311,0.199,0.356,0.655,99.131,4
Simon Says,Pharoahe Monch,90,173159,64,0.664,0.916,1,-3.888,0.473,0.17,0.164,0.559,93.134,4
Drop,The Pharcyde,90,334466,55,0.853,0.754,10,-7.158,0.259,0.335,0.252,0.69,95.081,4
DWYCK,"Gang Starr,Nice & Smooth",90,243266,52,0.911,0.614,7,-11.176,0.338,0.00432,0.0985,0.601,99.025,4
A Milli,Lil Wayne,00,221840,69,0.674,0.695,6,-8.636,0.278,0.0387,0.194,0.773,151.486,4
Izzo (H.O.V.A.),JAY-Z,00,240626,62,0.618,0.844,1,-4.051,0.342,0.0178,0.0634,0.697,84.411,4
Gold Digger,"Kanye West,Jamie Foxx",00,207626,79,0.629,0.696,1,-5.572,0.348,0.0195,0.0554,0.623,93.034,4
Lose Yourself - From 8 Mile Soundtrack,Eminem,00,320293,58,0.684,0.735,2,-4.596,0.273,0.00925,0.288,0.06,171.383,4
In Da Club,50 Cent,00,193466,75,0.902,0.72,6,-2.776,0.347,0.26,0.0749,0.805,90.059,4
What You Know,T.I.,00,274333,65,0.551,0.81,11,-4.365,0.0344,0.0155,0.169,0.332,73.464,4
Hot In Herre,Nelly,00,228240,75,0.956,0.745,11,-4.753,0.12,0.206,0.0615,0.912,107.075,4
Southern Hospitality (Featuring Pharrell),"Ludacris,Pharrell Williams",00,300933,55,0.623,0.896,0,-4.719,0.247,0.035,0.0941,0.613,95.158,4
Flashing Lights,"Kanye West,Dwele",00,237506,84,0.639,0.628,6,-7.578,0.0399,0.0381,0.386,0.43,90.482,4
Selfish,"Slum Village,John Legend,Kanye West",00,225400,60,0.71,0.597,7,-6.468,0.239,0.221,0.432,0.49,95.769,4
Down And Out,"Cam’ron,Kanye West,Syleena Johnson",00,248626,60,0.74,0.841,6,-2.891,0.237,0.0232,0.111,0.673,83.007,4
Hustler Musik,Lil Wayne,00,303666,59,0.661,0.746,8,-2.223,0.25,0.362,0.454,0.678,83.935,4
Lemonade,Gucci Mane,00,246013,58,0.741,0.658,7,-7.758,0.0853,0.643,0.307,0.746,142.057,4
Int'l Players Anthem (I Choose You) (feat. Outkast),"UGK,Outkast",00,259040,65,0.675,0.68,4,-5.01,0.256,0.0655,0.354,0.845,155.698,4
Through The Wire,Kanye West,00,221226,74,0.571,0.739,7,-6.11,0.247,0.00865,0.158,0.66,83.089,4
We Gonna Make It,"Jadakiss,Styles P",00,213826,53,0.514,0.961,2,-3.726,0.347,0.178,0.146,0.686,87.211,4
Hate It Or Love It,"The Game,50 Cent",00,206400,83,0.802,0.785,9,-4.781,0.207,0.14,0.123,0.435,99.998,4
I'm Ready,The Diplomats,00,281573,48,0.368,0.909,1,-2.695,0.235,0.0242,0.337,0.627,166.645,4
Good Times,Styles P,00,211493,63,0.697,0.761,11,-7.647,0.302,0.157,0.789,0.666,81.728,4
What We Do,"Freeway,JAY-Z,Beanie Sigel",00,229106,55,0.569,0.894,9,-4.931,0.318,0.00715,0.158,0.293,188.892,4
Can't Tell Me Nothing,Kanye West,00,271600,77,0.596,0.62,5,-6.133,0.039,0.0122,0.82,0.102,80.029,4
Best I Ever Had,Drake,00,257690,77,0.395,0.922,1,-2.176,0.375,0.19,0.134,0.558,162.361,4
"So Fresh, So Clean",Outkast,00,240026,72,0.725,0.64,5,-7.905,0.332,0.0281,0.099,0.915,166.028,3
21 Questions,"50 Cent,Nate Dogg",00,224426,72,0.576,0.807,6,-3.908,0.317,0.353,0.0512,0.908,90.012,4
Sittin' Sidewayz (feat. Big Pokey),"Paul Wall,Big Pokey",00,228933,59,0.721,0.621,1,-4.378,0.306,0.00469,0.199,0.568,159.967,4
Guess Who's Back,"Scarface,JAY-Z,Beanie Sigel",00,241573,46,0.742,0.788,1,-9.197,0.31,0.00961,0.0864,0.848,85.835,4
Overnight Celebrity,Twista,00,233360,66,0.828,0.792,10,-5.435,0.179,0.182,0.281,0.777,134.199,4
The Light,Common,00,261693,55,0.939,0.727,4,-4.349,0.235,0.0346,0.0854,0.662,96.968,4
Some Cut (feat. Cutty),"Trillville,Cutty",00,283386,55,0.901,0.512,1,-6.468,0.37,0.00273,0.0979,0.638,85.015,4
Good Life,"Kanye West,T-Pain",00,207000,75,0.439,0.808,1,-6.881,0.346,0.00305,0.439,0.487,82.962,4
Poppin' My Collar,Three 6 Mafia,00,176240,50,0.732,0.775,11,-5.504,0.0514,0.453,0.482,0.814,145.145,4
3 Kings,"Slim Thug,Bun B,T.I.",00,290680,48,0.534,0.676,1,-5.987,0.344,0.0766,0.136,0.389,75.443,4
Dipset Anthem,The Diplomats,00,249040,55,0.699,0.696,0,-5.745,0.191,0.103,0.211,0.428,83.596,4
Still Tippin' (feat. Slim Thug and Paul Wall),"Mike Jones,Paul Wall,Slim Thug",00,214893,45,0.871,0.713,6,-8.731,0.308,0.0238,0.109,0.914,143.201,4
EveryGirl In The World,Young Money,00,313400,56,0.605,0.744,4,-5.5,0.252,0.00291,0.319,0.743,76.171,4
Throw Some D's,"Rich Boy,Polow Da Don",00,263920,58,0.697,0.86,11,-5.181,0.43,0.0368,0.0721,0.433,160.895,4
"Kick, Push",Lupe Fiasco,00,254466,61,0.652,0.809,5,-5.276,0.17,0.164,0.175,0.512,94.786,4
Westside Story,"The Game,50 Cent",00,223066,61,0.876,0.647,11,-3.917,0.28,0.16,0.238,0.961,86.993,4
Wanna Get To Know You,"G-Unit,Joe",00,265026,62,0.513,0.826,10,-3.651,0.132,0.106,0.0675,0.889,76.91,1
"Ryde Or Die, B****","The LOX,Timbaland,Eve",00,289906,47,0.763,0.88,4,-4.741,0.348,0.066,0.0549,0.779,95.005,4
I'm Goin In,"Drake,Lil Wayne,Jeezy",00,225306,63,0.662,0.763,1,-8.455,0.377,0.0389,0.103,0.566,170.031,4
What Happened To That Boy,"Baby,Clipse",00,258066,52,0.764,0.873,2,-6.21,0.291,0.0608,0.0757,0.719,93.073,4
Oh Boy,"Cam’ron,Juelz Santana",00,204706,65,0.754,0.767,6,-5.586,0.145,0.0216,0.172,0.828,83.014,4
Ms. Jackson,Outkast,00,270506,82,0.843,0.806,4,-5.946,0.269,0.143,0.0771,0.613,94.948,4
So What,"Field Mob,Ciara",00,216000,59,0.931,0.486,6,-10.558,0.139,0.0579,0.161,0.896,120.026,4
Made You Look,Nas,00,203000,58,0.658,0.936,5,-5.105,0.3,0.172,0.321,0.711,95.439,4
Stuntin' Like My Daddy - Street,"Birdman,Lil Wayne",00,267293,60,0.71,0.881,5,-6.648,0.0398,0.00908,0.162,0.809,160.011,4
Get Buck,Young Buck,00,254493,54,0.797,0.667,1,-6.095,0.158,0.545,0.0357,0.621,76.51,4
Put On,"Jeezy,Kanye West",00,321293,68,0.654,0.77,9,-6.091,0.0353,0.00342,0.0887,0.272,137.616,4
Mafia Music,Rick Ross,00,256399,49,0.627,0.822,1,-5.909,0.249,0.0164,0.121,0.538,80.02,4
Why,"Jadakiss,Anthony Hamilton",00,240000,51,0.602,0.938,1,-3.378,0.238,0.0164,0.0612,0.562,168.417,4
Wasted (feat. Plies),"Gucci Mane,Plies",00,249840,52,0.702,0.727,5,-3.443,0.155,0.0827,0.0831,0.549,155.093,4
Go DJ,Lil Wayne,00,281826,61,0.736,0.792,6,-3.137,0.146,0.0617,0.223,0.699,157.955,4
Knuck If You Buck (feat. Lil' Scrappy),"Crime Mob,Lil Scrappy",00,205120,61,0.865,0.844,8,-4.946,0.311,0.0582,0.373,0.755,150.09,4
Shawty (feat. T Pain),"Plies,T-Pain",00,255413,61,0.444,0.708,4,-5.926,0.126,0.0419,0.0775,0.26,105.412,5
Excuse Me Miss,JAY-Z,00,281240,57,0.714,0.862,6,-5.531,0.286,0.0305,0.0884,0.887,92.849,4
Grindin',Clipse,00,264760,55,0.592,0.77,1,-3.402,0.318,0.122,0.103,0.361,191.692,4
Soul Survivor,"Jeezy,Akon",00,280013,66,0.682,0.483,10,-7.718,0.0451,0.00103,0.159,0.108,84.012,4
Blow the Whistle,Too $hort,00,163133,63,0.907,0.625,1,-5.557,0.198,0.0042,0.151,0.605,99.918,4
Wipe Me Down (feat. Foxx),"Boosie Badazz,Webbie",00,290880,48,0.802,0.81,1,-3.493,0.22,0.000153,0.221,0.648,164.998,4
The Boss,"Rick Ross,T-Pain",00,225653,54,0.423,0.842,7,-4.072,0.357,0.00876,0.309,0.611,83.59,4
Slow Jamz (feat. Kanye West & Jamie Foxx),"Twista,Kanye West,Jamie Foxx",00,212146,62,0.561,0.764,2,-6.645,0.138,0.373,0.157,0.598,145.158,4
No Problem,Lil Scrappy,00,214000,51,0.861,0.722,1,-7.151,0.213,0.0447,0.146,0.113,85.992,4
How We Do,"The Game,50 Cent",00,235533,76,0.862,0.648,4,-7.401,0.251,0.0455,0.0332,0.637,98.012,4
Wanksta - From 8 Mile Soundtrack,50 Cent,00,218706,45,0.807,0.861,1,-3.432,0.144,0.0225,0.157,0.876,81.006,4
Shorty Wanna Ride,Young Buck,00,261320,58,0.582,0.621,11,-6.183,0.283,0.00317,0.111,0.331,179.458,4
What's My Name,DMX,00,232333,57,0.647,0.98,7,-3.463,0.356,0.0301,0.045,0.399,188.309,5
Lollipop,"Lil Wayne,Static Major",00,299333,72,0.829,0.428,0,-9.469,0.0831,0.056,0.137,0.45,148.075,4
Turn My Swag On,Soulja Boy,00,206333,60,0.546,0.712,3,-3.104,0.0269,0.000969,0.406,0.489,150.154,4
Stan,"Eminem,Dido",00,404106,85,0.78,0.768,6,-4.325,0.238,0.0371,0.518,0.507,80.063,4
Got It Twisted,Mobb Deep,00,224626,49,0.697,0.744,11,-5.702,0.229,0.0958,0.263,0.504,103.266,4
Hustlin',Rick Ross,00,254093,68,0.502,0.652,9,-7.224,0.3,0.0848,0.0675,0.648,136.08,4
Poppin' My Collar (feat. Project Pat),"Three 6 Mafia,Project Pat",00,175613,39,0.722,0.823,7,-3.916,0.081,0.297,0.489,0.858,148.23,4
I Luv It,Jeezy,00,240613,59,0.641,0.765,9,-6.626,0.0383,0.000975,0.387,0.19,91.009,4
I Just Wanna Love U (Give It 2 Me),JAY-Z,00,227866,60,0.8,0.922,4,-5.125,0.24,0.301,0.0352,0.801,98.631,4
Nothin',N.O.R.E.,00,264653,56,0.791,0.863,3,-6.118,0.151,0.317,0.27,0.742,97.035,4
What These Bitches Want,"DMX,Sisqo",00,253040,59,0.672,0.837,1,-5.947,0.315,0.106,0.194,0.703,167.289,4
Fireman,Lil Wayne,00,263546,58,0.682,0.723,1,-4.628,0.211,0.0109,0.406,0.364,80.634,4
Tell Me When to Go (feat. Keak da Sneak),"E-40,Keak Da Sneak",00,237666,56,0.857,0.751,1,-7.086,0.323,0.00642,0.104,0.293,106.888,4
The Way I Am,Eminem,00,290426,75,0.785,0.871,4,-2.692,0.265,0.144,0.309,0.315,87.248,4
It's So Hard (featuring Donell Jones) (feat. Donnell Jones),"Big Pun,Donnell Jones",00,172933,53,0.9,0.593,10,-6.629,0.333,0.0554,0.0304,0.633,92.946,4
Hypnotized (feat. Akon),"Plies,Akon",00,188493,66,0.84,0.571,10,-7.421,0.0797,0.16,0.406,0.617,116.59,4
Dirt Off Your Shoulder,JAY-Z,00,245173,64,0.78,0.657,1,-7.149,0.317,0.0321,0.339,0.648,163.969,4
Still Fly,Big Tymers,00,335613,65,0.675,0.607,11,-3.538,0.162,0.0302,0.339,0.56,177.928,4
Beautiful,"Snoop Dogg,Pharrell Williams,Uncle Charlie Wilson",00,298306,65,0.907,0.695,11,-6.268,0.135,0.246,0.0808,0.961,101.007,4
Pass The Courvoisier Part II (feat. P. Diddy & Pharrell) - Remix,"Busta Rhymes,Diddy,Pharrell Williams",00,238600,54,0.697,0.793,6,-4.699,0.323,0.0844,0.0619,0.56,89.767,4
U Don't Know Me,T.I.,00,243506,51,0.779,0.66,1,-4.854,0.17,0.0496,0.0825,0.526,83.914,4
I'm a Thug,Trick Daddy,00,254400,61,0.933,0.561,11,-5.961,0.122,0.0275,0.102,0.586,139.976,4
Got Ur Self A Gun,Nas,00,228626,53,0.699,0.869,11,-4.263,0.238,0.0118,0.0982,0.616,93.612,4
U and Dat (feat. T. Pain & Kandi Girl),"E-40,T-Pain,Kandi Girl",00,202720,62,0.858,0.484,6,-7.448,0.277,0.0241,0.123,0.329,99.992,4
Roc Boys (And The Winner Is)...,JAY-Z,00,252106,53,0.656,0.923,11,-1.647,0.252,0.0356,0.156,0.67,94.623,4
Money in the Bank (feat. Young Buck) - Remix,"Lil Scrappy,Young Buck",00,233706,51,0.88,0.693,1,-5.201,0.332,0.0599,0.248,0.767,75.603,4
Area Codes,"Ludacris,Nate Dogg",00,303026,61,0.86,0.688,9,-7.203,0.434,0.399,0.67,0.622,100.934,4
Slow Motion,"JUVENILE,Soulja Slim",00,248200,64,0.713,0.734,0,-4.894,0.325,0.548,0.0687,0.89,172.872,4
B R Right (feat. Ludacris),"Trina,Ludacris",00,261986,48,0.702,0.78,9,-5.379,0.168,0.0956,0.105,0.375,135.991,4
One Mic,Nas,00,268666,51,0.783,0.608,0,-5.742,0.361,0.0574,0.102,0.429,91.672,4
Like A Pimp,"David Banner,Lil' Flip",00,254706,57,0.844,0.846,7,-5.167,0.176,0.00487,0.0784,0.91,144.079,4
Whoa!,Black Rob,00,238840,60,0.736,0.705,7,-6.231,0.24,0.0579,0.321,0.557,86.404,4
It's Okay (One Blood),"The Game,Junior Reid",00,257600,48,0.608,0.875,7,-5.642,0.231,0.000921,0.125,0.589,163.443,4
Put It On Me,"Ja Rule,Vita",00,262826,64,0.831,0.79,1,-4.714,0.165,0.0024,0.0515,0.791,93.14,4
HONEST,Baby Keem,10,172672,83,0.676,0.536,2,-8.79,0.0432,0.403,0.105,0.373,79.037,4
Feel No Ways,Drake,10,240653,76,0.582,0.677,7,-7.081,0.172,0.0312,0.122,0.205,193.818,4
Freestyle,Lil Baby,10,162053,83,0.877,0.517,2,-5.426,0.0706,0.217,0.143,0.255,119.996,4
Money Trees,"Kendrick Lamar,Jay Rock",10,386906,66,0.716,0.531,7,-7.355,0.122,0.0703,0.224,0.344,71.994,4
Dreams and Nightmares,Meek Mill,10,230693,74,0.631,0.774,11,-2.459,0.3,0.468,0.281,0.44,79.745,4
Top Off,Gunna,10,197420,72,0.906,0.395,1,-11.277,0.206,0.0103,0.117,0.376,146.056,4
Wat's Wrong (feat. Zacari & Kendrick Lamar),"Isaiah Rashad,Zacari,Kendrick Lamar",10,330783,66,0.706,0.688,1,-6.357,0.269,0.151,0.466,0.313,125.966,4
Crew (feat. Brent Faiyaz & Shy Glizzy),"GoldLink,Brent Faiyaz,Shy Glizzy",10,176702,76,0.728,0.607,1,-8.417,0.132,0.133,0.0864,0.445,129.938,4
Dark Knight Dummo (Feat. Travis Scott),"Trippie Redd,Travis Scott",10,256162,67,0.28,0.821,8,-2.864,0.111,0.167,0.139,0.254,181.444,3
Alright,Kendrick Lamar,10,219333,80,0.796,0.766,7,-5.974,0.238,0.0742,0.0827,0.558,110.034,4
way back,Travis Scott,10,272500,65,0.396,0.554,0,-5.048,0.0488,0.222,0.612,0.17,117.384,4
Do Not Disturb,Drake,10,283550,76,0.618,0.693,7,-5.943,0.45,0.246,0.112,0.454,170.982,4
Lord Pretty Flacko Jodye 2 (LPFJ2),A$AP Rocky,10,126960,71,0.485,0.72,6,-5.991,0.127,0.0123,0.0546,0.0471,207.982,4
Pure Cocaine,Lil Baby,10,154023,81,0.964,0.487,10,-6.071,0.421,0.00127,0.115,0.107,127.05,4
Revenge,XXXTENTACION,10,120026,88,0.746,0.251,11,-16.169,0.259,0.782,0.106,0.18,139.999,4
151 Rum,JID,10,156780,71,0.756,0.867,7,-3.626,0.162,0.155,0.33,0.666,129.983,4
Transportin',Kodak Black,10,169344,74,0.804,0.66,10,-4.86,0.0726,0.0319,0.103,0.257,94.053,4
untitled 02 | 06.23.2014.,Kendrick Lamar,10,258826,64,0.667,0.508,5,-10.337,0.451,0.341,0.644,0.093,89.436,3
1400 / 999 Freestyle,"Trippie Redd,Juice WRLD",10,175954,77,0.825,0.572,6,-6.067,0.0864,0.0079,0.113,0.568,141.991,4
Selfish,PnB Rock,10,245604,72,0.638,0.6,1,-5.84,0.0438,0.114,0.187,0.0399,101.981,4
pick up the phone,"Young Thug,Travis Scott",10,252256,70,0.711,0.739,7,-3.804,0.129,0.114,0.226,0.43,136.919,4
No Flockin',Kodak Black,10,165290,75,0.943,0.595,5,-8.372,0.191,0.0673,0.0839,0.815,117.532,4
EdEddnEddy,JID,10,140511,59,0.769,0.421,0,-9.6,0.421,0.141,0.389,0.326,157.964,4
No Role Modelz,J. Cole,10,292799,88,0.69,0.521,10,-8.492,0.339,0.324,0.0534,0.494,100.028,4
"Bitch, Don’t Kill My Vibe",Kendrick Lamar,10,310720,69,0.587,0.698,1,-8.948,0.0943,0.0152,0.442,0.0985,133.954,4
"Walk On Water (feat. A$AP Twelvyy, A$AP Ant, A$AP Nast, A$AP Ferg & Playboi Carti)","A$AP Mob,A$AP Twelvyy,A$AP ANT,A$AP NAST,A$AP Ferg,Playboi Carti",10,236226,59,0.9,0.532,0,-5.516,0.0744,0.0889,0.0533,0.592,140.023,4
"A$AP Forever REMIX (feat. Moby, T.I. & Kid Cudi)","A$AP Rocky,Moby,T.I.,Kid Cudi",10,315773,63,0.428,0.754,5,-6.416,0.179,0.3,0.136,0.394,125.948,4
OSOM (feat. J. Cole),"Jay Rock,J. Cole",10,323120,59,0.749,0.674,8,-6.756,0.229,0.406,0.296,0.396,124.917,4
How I Move (feat. Lil Baby),"Flipp Dinero,Lil Baby",10,224915,63,0.826,0.635,5,-5.181,0.212,0.102,0.245,0.808,119.954,4
Fight Night,Migos,10,216247,69,0.874,0.706,1,-5.132,0.207,0.182,0.334,0.895,89.961,4
Calling My Spirit,Kodak Black,10,152000,70,0.91,0.366,1,-9.954,0.0941,0.0996,0.261,0.74,119.985,4
Perfect Ten (feat. Nipsey Hussle),"Mustard,Nipsey Hussle",10,252021,55,0.683,0.437,5,-9.267,0.0375,0.781,0.12,0.228,99.948,4
ELEMENT.,Kendrick Lamar,10,208733,72,0.748,0.705,4,-4.547,0.485,0.204,0.246,0.483,189.891,4
Digits,Young Thug,10,176386,67,0.769,0.632,10,-4.228,0.0537,0.0325,0.116,0.294,131.932,4
No Hands (feat. Roscoe Dash & Wale),"Waka Flocka Flame,Roscoe Dash,Wale",10,263773,76,0.76,0.595,1,-6.366,0.0391,0.00544,0.241,0.361,131.497,4
BIG,Young M.A,10,225919,63,0.86,0.507,0,-5.776,0.369,0.0408,0.14,0.15,85.005,4
Love Sosa,Chief Keef,10,246213,81,0.772,0.413,0,-8.193,0.089,0.0361,0.111,0.211,131.965,4
BLEACH,BROCKHAMPTON,10,273151,68,0.595,0.657,1,-6.498,0.183,0.462,0.437,0.718,156.093,4
Anita,Smino,10,236790,50,0.789,0.564,1,-7.862,0.488,0.198,0.614,0.745,63.654,4
Swimming Pools (Drank) - Extended Version,Kendrick Lamar,10,313786,71,0.716,0.485,1,-7.745,0.404,0.123,0.604,0.26,74.132,4
Yes Indeed,"Lil Baby,Drake",10,142273,82,0.963,0.346,5,-9.309,0.53,0.0355,0.108,0.562,119.957,4
My Shit,A Boogie Wit da Hoodie,10,128156,78,0.812,0.621,5,-8.3,0.0515,0.244,0.099,0.847,77.998,4
24,IDK,10,112942,54,0.884,0.572,1,-6.229,0.0993,0.0125,0.125,0.44,136.114,4
Digital Dash,"Drake,Future",10,231231,62,0.881,0.546,2,-7.566,0.12,0.00296,0.226,0.276,140.032,4
Baby (Lil Baby feat. DaBaby),"Quality Control,Lil Baby,DaBaby",10,142417,77,0.97,0.463,10,-7.259,0.366,0.0957,0.151,0.46,108.003,4
Floor Seats,A$AP Ferg,10,157506,62,0.705,0.733,5,-4.942,0.102,0.069,0.823,0.681,135.993,4
Skrt,Kodak Black,10,224864,63,0.901,0.352,2,-10.038,0.0916,0.585,0.122,0.199,111.065,4
100 Shots,Young Dolph,10,264818,67,0.798,0.668,8,-5.244,0.25,0.135,0.0583,0.154,134.006,4
Check,Young Thug,10,230693,64,0.667,0.581,0,-5.164,0.323,0.0428,0.183,0.368,110.953,4
Hussle & Motivate,Nipsey Hussle,10,258519,63,0.836,0.779,7,-3.829,0.0519,0.00369,0.58,0.555,119.908,4
Oh Okay (feat. Young Thug & Lil Baby),"Gunna,Young Thug,Lil Baby",10,199011,66,0.889,0.516,8,-8.852,0.327,0.372,0.0926,0.732,140.005,4
MIDDLE CHILD,J. Cole,10,213000,53,0.84,0.484,8,-6.899,0.241,0.192,0.282,0.512,126.023,4
Lockjaw (feat. Kodak Black),"French Montana,Kodak Black",10,223146,54,0.615,0.648,5,-3.792,0.22,0.0411,0.277,0.26,169.912,4
Santorini Greece,Rick Ross,10,332600,48,0.434,0.785,4,-4.169,0.128,0.00895,0.132,0.38,106.926,5
Roll in Peace (feat. XXXTENTACION),"Kodak Black,XXXTENTACION",10,213132,50,0.747,0.524,10,-6.807,0.245,0.0306,0.2,0.363,140.053,4
How It Feel,Big Sean,10,219693,44,0.676,0.842,1,-4.512,0.114,0.184,0.322,0.675,123.762,4
Money Longer,Lil Uzi Vert,10,198944,75,0.795,0.568,5,-7.817,0.142,0.0541,0.108,0.478,136.173,4
coordinate,Travis Scott,10,226397,61,0.688,0.658,1,-4.155,0.0695,0.105,0.335,0.28,75.615,4
Live From The Gutter,"Drake,Future",10,211642,59,0.824,0.49,7,-8.391,0.429,0.0369,0.0807,0.307,165.948,4
Welcome To The Party,Pop Smoke,10,214960,72,0.637,0.723,2,-5.547,0.091,0.0134,0.196,0.228,143.013,4
Surf (feat. Gunna),"Young Thug,Gunna",10,184093,55,0.93,0.561,0,-8.053,0.25,0.101,0.0992,0.596,140.987,4
Who Dat Boy (feat. A$AP Rocky),"Tyler, The Creator,A$AP Rocky",10,205093,68,0.706,0.485,8,-9.671,0.331,0.337,0.122,0.144,115.414,4
Red Room,Offset,10,241440,60,0.936,0.559,7,-8.587,0.157,0.479,0.128,0.527,112.347,4
Portland,"Drake,Quavo,Travis Scott",10,236614,71,0.925,0.443,1,-8.216,0.264,0.0172,0.276,0.35,136.078,4
"Never Recover (Lil Baby & Gunna, Drake)","Lil Baby,Gunna,Drake",10,194732,71,0.753,0.686,1,-5.415,0.284,0.0677,0.193,0.886,132.055,4
444+222,Lil Uzi Vert,10,247347,60,0.791,0.513,10,-6.568,0.269,0.0235,0.101,0.481,76.997,4
X (feat. Future),"21 Savage,Metro Boomin,Future",10,258880,72,0.835,0.413,1,-9.81,0.396,0.373,0.101,0.111,149.004,4
Real Friends,Kanye West,10,251573,65,0.441,0.744,6,-6.248,0.476,0.262,0.138,0.124,81.396,4
It's A Vibe,"2 Chainz,Ty Dolla $ign,Trey Songz,Jhené Aiko",10,210200,69,0.822,0.502,7,-7.38,0.148,0.0312,0.114,0.525,73.003,4
Hot (feat. Gunna),"Young Thug,Gunna",10,193026,70,0.855,0.651,0,-8.044,0.235,0.063,0.0772,0.559,111.997,4
Stir Fry,Migos,10,190288,78,0.817,0.816,2,-5.402,0.269,0.00263,0.159,0.508,181.982,4
Praise The Lord (Da Shine) (feat. Skepta),"A$AP Rocky,Skepta",10,205040,81,0.854,0.569,5,-8.151,0.106,0.0609,0.1,0.294,80.015,4
First Day Out,Tee Grizzley,10,254693,72,0.587,0.711,1,-6.33,0.42,0.171,0.125,0.381,98.008,4
New Patek,Lil Uzi Vert,10,343099,66,0.85,0.785,8,-4.963,0.345,0.0367,0.155,0.718,145.063,4
What Would Meek Do?,"Pusha T,Kanye West",10,153266,53,0.678,0.636,1,-3.155,0.0782,0.0064,0.177,0.0636,83.071,4
Experimental (feat. Chip Tha Ripper & Juicy J),"Big Sean,Chip Tha Ripper,Juicy J",10,274898,45,0.854,0.686,6,-5.309,0.106,0.026,0.104,0.903,139.993,4
Greaze Mode,"Skepta,Nafe Smallz",10,168400,63,0.781,0.72,6,-8.347,0.165,0.112,0.153,0.403,150.074,4
Big Fish,Vince Staples,10,198133,57,0.898,0.547,3,-5.707,0.313,0.484,0.37,0.763,100.01,4
Stick Talk,Future,10,171333,62,0.729,0.672,7,-6.749,0.282,0.0265,0.244,0.595,159.903,4
G.O.M.D,J. Cole,10,301064,73,0.889,0.4,4,-10.586,0.26,0.322,0.331,0.336,128.073,4
Narcos,Migos,10,255378,72,0.936,0.585,0,-6.914,0.125,0.0142,0.132,0.242,124.991,4
Jet Lag,A$AP Ferg,10,203720,57,0.853,0.803,11,-3.297,0.292,0.0085,0.104,0.433,169.957,4
Ballin' (with Roddy Ricch),"Mustard,Roddy Ricch",10,180434,79,0.809,0.545,7,-6.678,0.0735,0.392,0.151,0.244,97.008,4
Trophies,"Young Money,Drake",10,188320,76,0.746,0.687,1,-7.475,0.382,0.155,0.137,0.283,143.931,4
Who Do You Love?,"YG,Drake",10,233515,68,0.68,0.411,9,-9.761,0.434,0.0336,0.0889,0.161,193.131,4
Outside Today,YoungBoy Never Broke Again,10,129105,68,0.851,0.666,11,-5.334,0.0694,0.139,0.105,0.0585,134.068,4
Death,"Trippie Redd,DaBaby",10,172195,63,0.802,0.82,10,-5.969,0.146,0.0579,0.149,0.613,164.005,4
Lookin,"Playboi Carti,Lil Uzi Vert",10,183552,59,0.827,0.57,0,-8.22,0.365,0.0457,0.148,0.412,148.119,4
Yamborghini High (feat. Juicy J),"A$AP Mob,Juicy J",10,438760,42,0.747,0.655,7,-9.364,0.517,0.112,0.351,0.539,137.756,4
Outstanding,Gunna,10,180780,53,0.829,0.73,6,-4.554,0.241,0.309,0.109,0.324,149.075,4
I'm On One,"DJ Khaled,Drake,Rick Ross,Lil Wayne",10,298866,45,0.428,0.819,7,-3.448,0.307,0.0512,0.196,0.429,149.926,4
East Atlanta Love Letter (feat. Future),"6LACK,Future",10,246088,55,0.581,0.315,5,-11.947,0.0781,0.389,0.0766,0.185,61.381,4
"Work REMIX (feat. A$AP Rocky, French Montana, Trinidad James & ScHoolboy Q)","A$AP Ferg,French Montana,A$AP Rocky,Trinidad James,ScHoolboy Q",10,283693,69,0.841,0.733,1,-5.077,0.142,0.0246,0.174,0.284,130.009,4
I'm so Groovy,Future,10,261751,57,0.938,0.478,1,-9.739,0.265,0.0418,0.0801,0.386,138.059,4
Dior,Pop Smoke,10,216386,82,0.548,0.805,7,-5.732,0.351,0.212,0.408,0.648,142.094,4
Yikes,Kanye West,10,188773,65,0.683,0.776,1,-3.251,0.341,0.15,0.227,0.223,173.996,4
6 Foot 7 Foot,"Lil Wayne,Cory Gunz",10,248586,72,0.364,0.752,2,-5.429,0.304,0.0007,0.318,0.606,79.119,4
BUTTERFLY EFFECT,Travis Scott,10,190557,79,0.763,0.628,11,-5.85,0.05,0.0531,0.114,0.193,140.958,4
Going Bad (feat. Drake),"Meek Mill,Drake",10,180522,79,0.889,0.496,4,-6.365,0.0905,0.259,0.252,0.544,86.003,4
XO Tour Llif3,Lil Uzi Vert,10,182706,83,0.732,0.75,11,-6.366,0.231,0.00264,0.109,0.401,155.096,4
