Spotify ID,Artist IDs,Track Name,Album Name,Artist Name(s),Release Date,Duration (ms),Popularity,Added By,Added At,Genres,Danceability,Energy,Key,Loudness,Mode,Speechiness,Acousticness,Instrumentalness,Liveness,Valence,Tempo,Time Signature
5CZ40GBx1sQ9agT82CLQCT,"1McMsnEElThX1knmY4oliG","traitor","SOUR","Olivia Rodrigo",2021-05-21,229226,86,spotify:user:,2022-11-16T21:09:39Z,"pop",0.38,0.339,3,-7.885,1,0.0338,0.691,0,0.12,0.0849,100.607,4
3rdAz1fbUfZxYgaCviYhRo,"1mcTU81TzQhprhouKaTkpq","Todo De Ti","VICE VERSA","Rauw Alejandro",2021-12-10,199604,77,spotify:user:,2022-11-14T20:37:53Z,"puerto rican pop,trap latino",0.78,0.719,3,-3.613,0,0.0506,0.302,0.000196,0.0931,0.336,127.962,4
2Ch7LmS7r2Gy2kc64wv3Bz,"1Xyo4u8uXC1ZmMpatF05PJ","Die For You","Starboy","The Weeknd",2016-11-25,260253,87,spotify:user:,2022-11-16T21:09:39Z,"canadian contemporary r&b,canadian pop,pop",0.582,0.525,1,-7.163,0,0.0627,0.111,0,0.134,0.51,133.249,4
4xqrdfXkTW4T0RauPLv3WA,"4Uc8Dsxct0oMqx0P6i60ea","Heather","Kid Krow","Conan Gray",2020-03-20,198040,86,spotify:user:,2022-10-13T21:14:41Z,"bedroom pop,pop",0.357,0.425,5,-7.301,1,0.0333,0.584,0,0.322,0.27,102.078,3
4Dvkj6JhhA12EX05fT7y2e,"6KImCVD70vtIoJWnq6nGn3","As It Was","Harry's House","Harry Styles",2022-05-20,167303,91,spotify:user:,2022-07-28T22:29:21Z,"pop",0.52,0.731,6,-5.338,0,0.0557,0.342,0.00101,0.311,0.662,173.93,4
5hnyJvgoWiQUYZttV4wXy6,"3rIZMv9rysU7JkLzEaC5Jp","Chasing Cars","Eyes Open","Snow Patrol",2006-01-01,267960,80,spotify:user:,2022-11-16T00:25:42Z,"irish rock,neo mellow,permanent wave,pop rock",0.56,0.595,9,-4.53,1,0.0274,0.199,0.0000647,0.132,0.144,104.011,4
35mvY5S1H3J2QZyna3TFe0,"66CXWjxzNUsdJxJ2JdwvnR","positions","Positions","Ariana Grande",2020-10-30,172324,83,spotify:user:,2022-07-06T02:51:24Z,"dance pop,pop",0.737,0.802,0,-4.771,1,0.0878,0.468,0,0.0931,0.682,144.015,4
6Uj1ctrBOjOas8xZXGqKk4,"5cj0lLjcoR7YOSnhnX0Po5","Woman","Planet Her","Doja Cat",2021-06-25,172626,87,spotify:user:,2022-09-01T19:12:01Z,"dance pop,pop",0.824,0.764,5,-4.175,0,0.0854,0.0888,0.00294,0.117,0.881,107.998,4
6HU7h9RYOaPRFeh0R3UeAr,"1McMsnEElThX1knmY4oliG","deja vu","SOUR","Olivia Rodrigo",2021-05-21,215506,86,spotify:user:,2022-09-29T20:09:06Z,"pop",0.442,0.612,2,-7.222,1,0.112,0.584,0.0000057,0.37,0.178,180.917,4
1mWdTewIgB3gtBM3TOSFhB,"3Nrfpe0tUJi4K4DXYWgMUX","Butter","Butter (Hotter, Sweeter, Cooler)","BTS",2021-06-04,164441,74,spotify:user:,2022-10-13T21:14:41Z,"k-pop,k-pop boy group",0.759,0.459,8,-5.187,1,0.0948,0.00323,0,0.0906,0.695,109.997,4
0u2P5u6lvoDfwTYjAADbn4,"6qqNVTkY8uBg9cP3Jd7DAH,6LuN9FCkKOj5PcnpouEgny","lovely (with Khalid)","lovely (with Khalid)","Billie Eilish,Khalid",2018-04-19,200185,88,spotify:user:,2021-07-21T15:35:04Z,"art pop,electropop,pop,pop r&b",0.351,0.296,4,-10.109,0,0.0333,0.934,0,0.095,0.12,115.284,4
0gplL1WMoJ6iYaPgMCL0gX,"4dpARuHxo51G3z768sgnrY","Easy On Me","Easy On Me","Adele",2021-10-14,224694,83,spotify:user:,2022-08-12T20:39:08Z,"british soul,pop,pop soul,uk pop",0.604,0.366,5,-7.519,1,0.0282,0.578,0,0.133,0.13,141.981,4
2QjOHCTQ1Jl3zawyYOpxh6,"77SW9BnxLY8rJ0RciFqkHh","Sweater Weather","I Love You.","The Neighbourhood",2013-04-19,240400,92,spotify:user:,2021-08-13T16:23:25Z,"modern alternative rock,modern rock,pop,shimmer pop",0.612,0.807,10,-2.81,1,0.0336,0.0495,0.0177,0.101,0.398,124.053,4
02MWAaffLxlfxAUY7c5dvx,"4yvcSjfu4PC0CYQyLy4wSq","Heat Waves","Dreamland (+ Bonus Levels)","Glass Animals",2020-08-06,238805,86,spotify:user:,2021-12-28T14:10:02Z,"gauze pop,indietronica,shiver pop",0.761,0.525,11,-6.9,1,0.0944,0.44,0.0000067,0.0921,0.531,80.87,4
2qxmye6gAegTMjLKEBoR3d,"5IH6FPUwQTxPSXurCrcIov","Let Me Down Slowly","Narrated For You","Alec Benjamin",2018-11-16,169353,84,spotify:user:,2022-04-11T12:46:33Z,"alt z,electropop,pop",0.652,0.557,1,-5.714,0,0.0318,0.74,0,0.124,0.483,150.073,4
5wANPM4fQCJwkGd4rN57mH,"1McMsnEElThX1knmY4oliG","drivers license","SOUR","Olivia Rodrigo",2021-05-21,242013,86,spotify:user:,2021-08-11T15:17:08Z,"pop",0.561,0.431,10,-8.81,1,0.0578,0.768,0.0000142,0.106,0.137,143.875,4
748mdHapucXQri7IAO8yFK,"5cj0lLjcoR7YOSnhnX0Po5,7tYKF4w9nC0nq9CsPZTHyP","Kiss Me More (feat. SZA)","Kiss Me More (feat. SZA)","Doja Cat,SZA",2021-04-09,208866,80,spotify:user:,2022-01-26T16:14:45Z,"dance pop,pop,r&b,rap",0.762,0.701,8,-3.541,1,0.0286,0.235,0.000158,0.123,0.742,110.968,4
3jjujdWJ72nww5eGnfs2E7,"6KImCVD70vtIoJWnq6nGn3","Adore You","Fine Line","Harry Styles",2019-12-13,207133,84,spotify:user:,2022-01-01T17:18:23Z,"pop",0.676,0.771,8,-3.675,1,0.0483,0.0237,0.000007,0.102,0.569,99.048,4
5QO79kh1waicV47BqGRL3g,"1Xyo4u8uXC1ZmMpatF05PJ","Save Your Tears","After Hours","The Weeknd",2020-03-20,215626,88,spotify:user:,2022-04-21T13:53:14Z,"canadian contemporary r&b,canadian pop,pop",0.68,0.826,0,-5.487,1,0.0309,0.0212,0.0000124,0.543,0.644,118.051,4
5QDLhrAOJJdNAmCTJ8xMyW,"3Nrfpe0tUJi4K4DXYWgMUX","Dynamite","BE","BTS",2020-11-20,199053,83,spotify:user:,2021-07-21T15:35:04Z,"k-pop,k-pop boy group",0.746,0.765,6,-4.41,0,0.0993,0.0112,0,0.0936,0.737,114.044,4
3ZCTVFBt2Brf31RLEnCkWJ,"6qqNVTkY8uBg9cP3Jd7DAH","everything i wanted","everything i wanted","Billie Eilish",2019-11-13,245425,84,spotify:user:,2022-01-10T19:10:58Z,"art pop,electropop,pop",0.704,0.225,6,-14.454,0,0.0994,0.902,0.657,0.106,0.243,120.006,4
5HCyWlXZPP0y6Gqq8TgA20,"2tIP7SsRs7vjIcLrU85W8J,1uNFoZAHBGtllmzznpCI3s","STAY (with Justin Bieber)","STAY (with Justin Bieber)","The Kid LAROI,Justin Bieber",2021-07-09,141805,87,spotify:user:,2021-11-04T20:15:37Z,"australian hip hop,pop,canadian pop",0.591,0.764,1,-5.484,1,0.0483,0.0383,0,0.103,0.478,169.928,4
1SC5rEoYDGUK4NfG82494W,"7jVv8c5Fj3E9VhNjxT4snq","MONTERO (Call Me By Your Name)","MONTERO","Lil Nas X",2021-09-17,137704,82,spotify:user:,2021-10-04T19:24:22Z,"lgbtq+ hip hop,pop",0.593,0.503,8,-6.725,0,0.22,0.293,0,0.405,0.71,178.781,4
7xoUc6faLbCqZO6fQEYprd,"66CXWjxzNUsdJxJ2JdwvnR","One Last Time","My Everything (Deluxe)","Ariana Grande",2014-08-25,197266,82,spotify:user:,2022-09-05T19:16:24Z,"dance pop,pop",0.628,0.593,8,-5.036,1,0.0323,0.093,0.00000165,0.096,0.104,125.026,4
4ZtFanR9U6ndgddUvNcjcG,"1McMsnEElThX1knmY4oliG","good 4 u","SOUR","Olivia Rodrigo",2021-05-21,178146,86,spotify:user:,2021-10-26T15:23:08Z,"pop",0.563,0.664,9,-5.044,1,0.154,0.335,0,0.0849,0.688,166.928,4
4gbVRS8gloEluzf0GzDOFc,"04gDigrS5kc9YWfZHwBETP","Maps","V","Maroon 5",2014-09-02,189960,83,spotify:user:,2022-07-04T15:38:00Z,"pop",0.742,0.713,1,-5.522,0,0.0303,0.0205,0,0.059,0.879,120.032,4
0Cy7wt6IlRfBPHXXjmZbcP,"0X2BH1fck6amBIoJhDVmmJ","Love Me Like You Do","Fifty Shades Freed (Original Motion Picture Soundtrack)","Ellie Goulding",2018-02-09,253520,78,spotify:user:,2021-07-21T15:35:04Z,"dance pop,edm,electropop,indietronica,metropopolis,pop,post-teen pop,uk pop",0.489,0.597,5,-6.633,0,0.0292,0.27,0,0.105,0.324,95.012,4
45bE4HXI0AwGZXfZtMp8JR,"45dkTj5sMRSjrmBSBeiHym","you broke me first","you broke me first","Tate McRae",2020-04-17,169265,83,spotify:user:,2022-09-16T18:21:20Z,"pop",0.667,0.373,4,-9.389,1,0.05,0.785,0,0.0906,0.0823,124.148,4
09mEdoA6zrmBPgTEN5qXmN,"1Xyo4u8uXC1ZmMpatF05PJ","Call Out My Name","My Dear Melancholy,","The Weeknd",2018-03-30,228373,88,spotify:user:,2022-07-27T16:32:16Z,"canadian contemporary r&b,canadian pop,pop",0.461,0.593,1,-4.954,1,0.0356,0.17,0,0.307,0.175,134.17,3
5p7ujcrUXASCNwRaWNHR1C,"26VFTg2z8YR0cCuwLzESi2","Without Me","Without Me","Halsey",2018-10-04,201660,77,spotify:user:,2021-07-21T15:35:04Z,"dance pop,electropop,etherpop,indie poptimism,pop",0.752,0.488,6,-7.05,1,0.0705,0.297,0.00000911,0.0936,0.533,136.041,4
0QZ5yyl6B6utIWkxeBDxQN,"6ltzsmQQbmdoHHbLZ4ZN25","The Night We Met","Strange Trails","Lord Huron",2015-04-07,208211,78,spotify:user:,2022-05-16T14:52:38Z,"indie folk,stomp and holler",0.545,0.366,2,-9.51,1,0.0378,0.969,0.267,0.641,0.1,86.997,3
27NovPIUIRrOZoCHxABJwK,"7jVv8c5Fj3E9VhNjxT4snq,2LIk90788K0zvyj2JJVwkJ","INDUSTRY BABY (feat. Jack Harlow)","INDUSTRY BABY (feat. Jack Harlow)","Lil Nas X,Jack Harlow",2021-07-23,212000,84,spotify:user:,2022-01-31T18:10:18Z,"lgbtq+ hip hop,pop,deep underground hip hop,kentucky hip hop,rap",0.736,0.704,3,-7.409,0,0.0615,0.0203,0,0.0501,0.894,149.995,4
6ocbgoVGwYJhOv1GgI9NsF,"66CXWjxzNUsdJxJ2JdwvnR","7 rings","thank u, next","Ariana Grande",2019-02-08,178626,84,spotify:user:,2021-07-21T15:35:04Z,"dance pop,pop",0.778,0.317,1,-10.732,0,0.334,0.592,0,0.0881,0.327,140.048,4
3e7sxremeOE3wTySiOhGiP,"5ZsFI1h6hIdQRw2ti0hz81,5WUlDfRSoLAfcVSX1WnrxN","Dusk Till Dawn (feat. Sia) - Radio Edit","Icarus Falls","ZAYN,Sia",2018-12-14,239000,78,spotify:user:,2021-07-21T15:35:04Z,"dance pop,pop,post-teen pop,uk pop,australian dance,australian pop",0.259,0.437,11,-6.589,0,0.0386,0.102,0.00000132,0.106,0.0951,180.042,4
0EcQcdcbQeVJn9fknj44Be,"5JZ7CnR6gTvEMKX4g70Amv","I Like Me Better","I met you when I was 18. (the playlist)","Lauv",2018-05-31,197436,78,spotify:user:,2021-07-21T15:35:04Z,"pop",0.753,0.505,9,-7.621,1,0.255,0.534,0.00000258,0.104,0.419,91.972,4
3AJwUDP919kvQ9QcozQPxg,"4gzpq5DPGxSnKTe4SA8HAU","Yellow","Parachutes","Coldplay",2000-07-10,266773,89,spotify:user:,2021-11-30T19:47:33Z,"permanent wave,pop",0.429,0.661,11,-7.227,1,0.0281,0.00239,0.000121,0.234,0.285,173.372,4
7otCGmgp9h4CsR2LhwB6gt,"2txHhyCwHjUEpJjWrEyqyX","Another Love","Long Way Down","Tom Odell",2013-09-17,244360,72,spotify:user:,2022-08-29T20:29:42Z,"chill pop,pop",0.445,0.537,4,-8.532,0,0.04,0.695,0.000016,0.0941,0.131,122.764,4
43zdsphuZLzwA9k4DJhU0I,"6qqNVTkY8uBg9cP3Jd7DAH","when the party's over","WHEN WE ALL FALL ASLEEP, WHERE DO WE GO?","Billie Eilish",2019-03-29,196077,83,spotify:user:,2021-07-21T15:35:04Z,"art pop,electropop,pop",0.367,0.111,4,-14.084,1,0.0972,0.978,0.0000397,0.0897,0.198,82.642,4
3e9HZxeyfWwjeyPAMmWSSQ,"66CXWjxzNUsdJxJ2JdwvnR","thank u, next","thank u, next","Ariana Grande",2019-02-08,207320,81,spotify:user:,2021-07-21T15:35:04Z,"dance pop,pop",0.717,0.653,1,-5.634,1,0.0658,0.229,0,0.101,0.412,106.966,4
2BgEsaKNfHUdlh97KmvFyo,"1zNqDE7qDGCsyzJwohVaoX","2002","Speak Your Mind (Deluxe)","Anne-Marie",2018-04-27,186986,81,spotify:user:,2021-08-23T16:52:48Z,"dance pop,pop,pop dance,post-teen pop,tropical house",0.697,0.683,1,-2.881,0,0.117,0.0372,0,0.137,0.603,96.133,4
6jRq8gaZhMUyy5RclRPcAf,"2cFrymmkijnjDg9SS92EPM","hot girl bummer","everything means nothing","blackbear",2020-08-21,188343,79,spotify:user:,2022-04-25T19:11:58Z,"pop,pop rap",0.782,0.559,6,-7.106,0,0.0767,0.125,0,0.385,0.685,129.992,1
37FXw5QGFN7uwwsLy8uAc0,"6VuMaDnrHyPL1p4EHjYLi7,0C8ZW7ezQVs4URX5aX7Kqx","We Don't Talk Anymore (feat. Selena Gomez)","Nine Track Mind","Charlie Puth,Selena Gomez",2016-01-29,217706,68,spotify:user:,2021-07-21T15:35:04Z,"dance pop,pop,viral pop,post-teen pop",0.728,0.563,1,-8.053,0,0.134,0.621,0,0.179,0.352,100.017,4
7JJmb5XwzOO8jgpou264Ml,"7n2wHs1TKAczGzO7Dd2rGr","There's Nothing Holdin' Me Back","Illuminate (Deluxe)","Shawn Mendes",2017-04-20,199440,85,spotify:user:,2021-07-21T15:35:04Z,"canadian pop,dance pop,pop,viral pop",0.866,0.813,11,-4.063,0,0.0554,0.38,0,0.0779,0.969,121.998,4
3RiPr603aXAoi4GHyXx0uy,"4gzpq5DPGxSnKTe4SA8HAU","Hymn for the Weekend","A Head Full of Dreams","Coldplay",2015-12-04,258266,84,spotify:user:,2022-11-11T21:59:37Z,"permanent wave,pop",0.491,0.693,0,-6.487,0,0.0377,0.211,0.00000692,0.325,0.412,90.027,4
49gRYU6hBWgSH2JVixGkJq,"66CXWjxzNUsdJxJ2JdwvnR","Into You","Dangerous Woman","Ariana Grande",2016-05-20,244440,65,spotify:user:,2022-05-06T14:13:10Z,"dance pop,pop",0.623,0.734,9,-5.948,1,0.107,0.0162,0.00000175,0.145,0.37,107.853,4
0tBbt8CrmxbjRP0pueQkyU,"0C8ZW7ezQVs4URX5aX7Kqx,64KEffDW9EtZ1y2vBYgq8T","Wolves","Wolves","Selena Gomez,Marshmello",2017-10-25,197993,79,spotify:user:,2021-08-17T15:49:07Z,"dance pop,pop,post-teen pop,brostep,edm,pop dance,progressive electro house",0.724,0.804,11,-4.614,0,0.0448,0.124,0,0.204,0.306,124.987,4
3Dv1eDb0MEgF93GpLXlucZ,"5cj0lLjcoR7YOSnhnX0Po5","Say So","Hot Pink","Doja Cat",2019-11-07,237893,78,spotify:user:,2022-09-01T19:12:01Z,"dance pop,pop",0.787,0.673,11,-4.583,0,0.159,0.264,0.00000335,0.0904,0.779,110.962,4
2gMXnyrvIjhVBUZwvLZDMP,"4GNC7GD6oZMSxPGyXy4MNB","Before You Go","Divinely Uninspired To A Hellish Extent (Extended Edition)","Lewis Capaldi",2019-11-22,215106,83,spotify:user:,2021-08-09T15:13:22Z,"pop,uk pop",0.459,0.575,3,-4.858,1,0.0573,0.604,0,0.0885,0.183,111.881,4
2RttW7RAu5nOAfq6YFvApB,"6eUKZXaKkcviH0Ku9w2n3V","Happier","÷ (Deluxe)","Ed Sheeran",2017-03-03,207520,79,spotify:user:,2021-12-05T16:41:13Z,"pop,uk pop",0.522,0.385,0,-7.355,1,0.0288,0.536,0,0.135,0.236,89.792,4
2iUXsYOEPhVqEBwsqP70rE,"5Rl15oVamLq7FbSb0NNBNy","Youngblood","Youngblood (Deluxe)","5 Seconds of Summer",2018-06-15,203417,80,spotify:user:,2021-07-21T15:35:04Z,"boy band,dance pop,pop,post-teen pop",0.596,0.854,7,-5.114,0,0.463,0.0169,0,0.124,0.152,120.274,4
2ZRo7axmMPeSVUvDbGkJah,"15UsOTVnJzReFVN1VCnxy4","Hope","?","XXXTENTACION",2018-03-16,110886,85,spotify:user:,2022-11-23T03:50:18Z,"emo rap,miami hip hop",0.592,0.457,9,-6.081,0,0.0603,0.661,0.000331,0.146,0.225,146.04,4
5cF0dROlMOK5uNZtivgu50,"6VuMaDnrHyPL1p4EHjYLi7","Attention","Voicenotes","Charlie Puth",2018-05-11,208786,82,spotify:user:,2021-07-21T15:35:04Z,"dance pop,pop,viral pop",0.775,0.613,3,-4.586,0,0.0542,0.109,0.0000233,0.134,0.797,100.066,4
1x5sYLZiu9r5E43kMlt9f8,"6MDME20pz9RveH9rEXvrOM,1Xylc3o4UrD53lo9CvFvVg","Symphony (feat. Zara Larsson)","Symphony (feat. Zara Larsson)","Clean Bandit,Zara Larsson",2017-03-16,212459,73,spotify:user:,2021-07-21T15:35:04Z,"dance pop,edm,pop,pop dance,post-teen pop,tropical house,uk dance,uk funky,electropop,scandipop,swedish electropop,swedish pop",0.707,0.629,0,-4.581,0,0.0563,0.259,0.000016,0.138,0.457,122.863,4
3QGsuHI8jO1Rx4JWLUh9jd,"7n2wHs1TKAczGzO7Dd2rGr","Treat You Better","Illuminate","Shawn Mendes",2017-04-20,187973,83,spotify:user:,2021-07-21T15:35:04Z,"canadian pop,dance pop,pop,viral pop",0.444,0.819,10,-4.078,0,0.341,0.106,0,0.107,0.747,82.695,4
2JPLbjOn0wPCngEot2STUS,"4q3ewBCX7sLwd24euuV69X","Yonaguni","Yonaguni","Bad Bunny",2021-06-04,206710,86,spotify:user:,2022-09-25T22:14:03Z,"reggaeton,trap latino",0.644,0.648,1,-4.601,1,0.118,0.276,0,0.135,0.44,179.951,4
6UelLqGlWMcVH1E5c4H7lY,"6KImCVD70vtIoJWnq6nGn3","Watermelon Sugar","Fine Line","Harry Styles",2019-12-13,174000,88,spotify:user:,2021-07-21T15:35:04Z,"pop",0.548,0.816,0,-4.209,1,0.0465,0.122,0,0.335,0.557,95.39,4
14OxJlLdcHNpgsm4DRwDOB,"4NHQUGzhtTLFvgF5SZesLK","Habits (Stay High)","Queen Of The Clouds","Tove Lo",2014-01-01,209160,73,spotify:user:,2021-12-05T16:41:13Z,"dance pop,electropop,metropopolis,pop,swedish electropop,swedish pop,swedish synthpop",0.729,0.65,5,-3.539,1,0.0313,0.0702,0.0000669,0.0829,0.347,110.02,4
50nfwKoDiSYg8zOCREWAm5,"6eUKZXaKkcviH0Ku9w2n3V","Shivers","=","Ed Sheeran",2021-10-29,207853,86,spotify:user:,2022-11-07T19:39:29Z,"pop,uk pop",0.788,0.859,2,-2.724,1,0.0856,0.281,0,0.0424,0.822,141.02,4
5nujrmhLynf4yMoMtj8AQF,"6M2wZ9GZgrQXHCFfjv46we,4r63FhuTkUYltbVAg5TQnk","Levitating (feat. DaBaby)","Future Nostalgia","Dua Lipa,DaBaby",2020-03-27,203064,84,spotify:user:,2021-10-12T15:07:57Z,"dance pop,pop,uk pop,north carolina hip hop,rap,trap",0.702,0.825,6,-3.787,0,0.0601,0.00883,0,0.0674,0.915,102.977,4
1LmN9SSHISbtp9LoaR5ZVJ,"04gDigrS5kc9YWfZHwBETP,137W8MRPWKqSmrBGDBFSop","Payphone","Overexposed","Maroon 5,Wiz Khalifa",2021-06-20,231386,70,spotify:user:,2022-03-25T12:48:41Z,"pop,dance pop,hip hop,pittsburgh rap,pop rap,rap,southern hip hop,trap",0.739,0.756,4,-4.828,1,0.0394,0.0136,0,0.37,0.523,110.028,4
0bYg9bo50gSsH3LtXe2SQn,"4iHNK0tOyZPYnBU7nGAgpQ","All I Want for Christmas Is You","Merry Christmas","Mariah Carey",1994-10-28,241106,87,spotify:user:,2021-12-05T16:41:13Z,"dance pop,pop,urban contemporary",0.336,0.627,7,-7.463,1,0.0384,0.164,0,0.0708,0.35,150.273,4
7795WJLVKJoAyVoOtCWqXN,"2wY79sveU1sp5g7SokKOiI","I'm Not The Only One","In The Lonely Hour","Sam Smith",2014-05-26,239316,87,spotify:user:,2021-07-21T15:35:04Z,"dance pop,pop,uk pop",0.677,0.485,5,-5.795,1,0.0361,0.529,0.0000204,0.0766,0.493,82.001,4
3Wrjm47oTz2sjIgck11l5e,"0lAWpj5szCSwM4rUMHYmrr","Beggin'","Chosen","Måneskin",2017-12-08,211560,85,spotify:user:,2022-04-30T17:40:36Z,"indie rock italiano,italian pop",0.714,0.8,11,-4.808,0,0.0504,0.127,0,0.359,0.589,134.002,4
0AS63m1wHv9n4VVRizK6Hc,"7n2wHs1TKAczGzO7Dd2rGr","Mercy","Illuminate (Deluxe)","Shawn Mendes",2017-04-20,208733,81,spotify:user:,2022-05-23T20:40:12Z,"canadian pop,dance pop,pop,viral pop",0.555,0.662,11,-4.952,0,0.0827,0.125,0,0.111,0.356,148.128,4
3GCdLUSnKSMJhs4Tj6CV3s,"2YZyLoL8N0Wb9xBt1NhZWg,7tYKF4w9nC0nq9CsPZTHyP","All The Stars (with SZA)","Black Panther The Album Music From And Inspired By","Kendrick Lamar,SZA",2018-02-09,232186,83,spotify:user:,2022-04-20T13:15:09Z,"conscious hip hop,hip hop,rap,west coast rap,pop,r&b",0.698,0.633,8,-4.946,1,0.0597,0.0605,0.000194,0.0926,0.552,96.924,4
22vgEDb5hykfaTwLuskFGD,"7gOdHgIoIKoe4i9Tta6qdD","Sucker","Happiness Begins","Jonas Brothers",2019-06-07,181026,80,spotify:user:,2021-10-05T06:00:00Z,"boy band,dance pop,pop,post-teen pop",0.842,0.734,1,-5.065,0,0.0588,0.0427,0,0.106,0.952,137.958,4
0wI7QkCcs8FUQE1OkXUIqd,"2wUjUUtkb5lvLKcGKsKqsR","Scars To Your Beautiful","Know-It-All","Alessia Cara",2015-11-13,230240,77,spotify:user:,2022-02-05T16:46:33Z,"canadian contemporary r&b,canadian pop,dance pop,electropop,pop,post-teen pop",0.573,0.739,0,-5.74,1,0.129,0.0285,0,0.111,0.451,97.085,4
3rmo8F54jFF8OgYsqTxm5d,"6eUKZXaKkcviH0Ku9w2n3V","Bad Habits","=","Ed Sheeran",2021-10-29,230746,86,spotify:user:,2022-03-31T23:08:47Z,"pop,uk pop",0.807,0.893,11,-3.745,0,0.0347,0.0451,0.0000279,0.366,0.537,126.011,4
08bNPGLD8AhKpnnERrAc6G,"64KEffDW9EtZ1y2vBYgq8T,1zNqDE7qDGCsyzJwohVaoX","FRIENDS","FRIENDS","Marshmello,Anne-Marie",2018-02-09,202620,78,spotify:user:,2021-07-21T15:35:04Z,"brostep,dance pop,edm,pop,pop dance,progressive electro house,post-teen pop,tropical house",0.626,0.88,9,-2.384,0,0.0504,0.205,0,0.128,0.534,95.079,4
3KkXRkHbMCARz0aVfEt68P,"246dkjvS1zLTtiykXe5h60,1zNqQNIdeOUZHb8zbZRFMX","Sunflower - Spider-Man: Into the Spider-Verse","Spider-Man: Into the Spider-Verse (Soundtrack From & Inspired by the Motion Picture)","Post Malone,Swae Lee",2018-12-14,158040,82,spotify:user:,2021-07-21T15:35:04Z,"dfw rap,melodic rap,rap,trap",0.76,0.479,2,-5.574,1,0.0466,0.556,0,0.0703,0.913,89.911,4
7eJMfftS33KTjuF7lTsMCx,"6bmlMHgSheBauioMgKv2tn,35l9BRT7MXmM8bv2WDQiyB","death bed (coffee for your head)","death bed (coffee for your head)","Powfu,beabadoobee",2020-02-08,173333,82,spotify:user:,2021-07-21T15:35:04Z,"sad rap,bedroom pop,bubblegrunge,indie pop,pop",0.726,0.431,8,-8.765,0,0.135,0.731,0,0.696,0.348,144.026,4
3VlbOrM6nYPprVvzBZllE5,"2wY79sveU1sp5g7SokKOiI","Too Good At Goodbyes","The Thrill Of It All (Special Edition)","Sam Smith",2017-11-03,201000,75,spotify:user:,2021-07-21T15:35:04Z,"dance pop,pop,uk pop",0.681,0.372,5,-8.237,1,0.0432,0.64,0,0.169,0.476,91.873,4
0ct6r3EGTcMLPtrXHDvVjc,"1vCWHaC5f2uS3yhpwWbIA6","The Nights","The Days / Nights","Avicii",2014-01-01,176658,85,spotify:user:,2022-03-01T23:58:34Z,"dance pop,edm,pop,pop dance,pop rap",0.527,0.835,6,-5.298,1,0.0433,0.0166,0,0.249,0.654,125.983,4
5jsw9uXEGuKyJzs0boZ1bT,"7n2wHs1TKAczGzO7Dd2rGr","Stitches","Handwritten","Shawn Mendes",2015-04-14,206880,75,spotify:user:,2021-07-21T15:35:04Z,"canadian pop,dance pop,pop,viral pop",0.752,0.754,1,-6.684,1,0.0615,0.0151,0,0.0486,0.755,149.789,4
0PDUDa38GO8lMxLCRc4lL1,"5ZsFI1h6hIdQRw2ti0hz81","PILLOWTALK","Mind Of Mine (Deluxe Edition)","ZAYN",2016-03-25,202746,77,spotify:user:,2021-12-02T18:26:55Z,"dance pop,pop,post-teen pop,uk pop",0.584,0.7,11,-4.275,1,0.0456,0.117,0,0.0939,0.438,124.944,4
6zeeWid2sgw4lap2jV61PZ,"6LuN9FCkKOj5PcnpouEgny","Better","Suncity","Khalid",2018-10-18,229320,77,spotify:user:,2022-03-07T19:54:48Z,"pop,pop r&b",0.596,0.552,0,-10.278,0,0.097,0.0765,0.334,0.104,0.112,97.949,4
4cktbXiXOapiLBMprHFErI,"04gDigrS5kc9YWfZHwBETP","Memories","JORDI (Deluxe)","Maroon 5",2021-06-11,189486,84,spotify:user:,2021-07-21T15:35:04Z,"pop",0.775,0.327,11,-7.241,1,0.0557,0.841,0,0.0821,0.595,91.05,4
4iJyoBOLtHqaGxP12qzhQI,"1uNFoZAHBGtllmzznpCI3s,20wkVLutqVOYrc0kxFs7rA,4fxd5Ee7UefO4CUXgwJ7IP","Peaches (feat. Daniel Caesar & Giveon)","Justice","Justin Bieber,Daniel Caesar,Giveon",2021-03-19,198081,84,spotify:user:,2022-01-28T16:34:48Z,"canadian pop,pop,canadian contemporary r&b,r&b",0.677,0.696,0,-6.181,1,0.119,0.321,0,0.42,0.464,90.03,4
0Aqi7ArnBrGblW5T6p2jmD,"7uaIm6Pw7xplS8Dy06V6pT","Falling","Nicotine","Trevor Daniel",2020-03-26,159381,78,spotify:user:,2021-07-21T15:35:04Z,"melodic rap,pop,pop rap",0.785,0.431,10,-8.756,0,0.0364,0.123,0,0.0887,0.236,127.085,4
21jGcNKet2qwijlDFuPiPb,"246dkjvS1zLTtiykXe5h60","Circles","Hollywood's Bleeding","Post Malone",2019-09-06,215280,85,spotify:user:,2021-07-21T15:35:04Z,"dfw rap,melodic rap,rap",0.695,0.762,0,-3.497,1,0.0395,0.192,0.00244,0.0863,0.553,120.042,4
3PfIrDoz19wz7qK7tYeu62,"6M2wZ9GZgrQXHCFfjv46we","Don't Start Now","Future Nostalgia","Dua Lipa",2020-03-27,183290,81,spotify:user:,2021-07-21T15:35:04Z,"dance pop,pop,uk pop",0.793,0.793,11,-4.521,0,0.083,0.0123,0,0.0951,0.679,123.95,4
0fea68AdmYNygeTGI4RC18,"1vyhD5VmyZ7KMfW5gqLgo5,4q3ewBCX7sLwd24euuV69X","LA CANCIÓN","OASIS","J Balvin,Bad Bunny",2019-06-28,242573,88,spotify:user:,2022-06-13T13:09:43Z,"reggaeton,reggaeton colombiano,trap latino",0.754,0.646,7,-5.795,1,0.317,0.152,0.0000185,0.108,0.429,176.089,4
6Qs4SXO9dwPj5GKvVOv8Ki,"2wY79sveU1sp5g7SokKOiI,2cWZOOzeOm4WmBJRnD5R7I","Dancing With A Stranger (with Normani)","Dancing With A Stranger (with Normani)","Sam Smith,Normani",2019-01-11,171029,75,spotify:user:,2022-04-11T20:02:36Z,"dance pop,pop,uk pop,post-teen pop,r&b,rap,urban contemporary",0.741,0.52,8,-7.513,1,0.0656,0.45,0.00000197,0.222,0.347,102.998,4
0TK2YIli7K1leLovkQiNik,"7n2wHs1TKAczGzO7Dd2rGr,4nDoRrQiYLoBzwC5BhVJzF","Señorita","Señorita","Shawn Mendes,Camila Cabello",2019-06-21,190960,79,spotify:user:,2021-07-21T15:35:04Z,"canadian pop,dance pop,pop,viral pop,post-teen pop",0.759,0.54,9,-6.039,0,0.0287,0.037,0,0.0945,0.75,116.947,4
2dpaYNEQHiRxtZbfNsse99,"64KEffDW9EtZ1y2vBYgq8T,7EQ0qTo7fWT7DPxmxtSYEc","Happier","Happier","Marshmello,Bastille",2018-08-17,214289,82,spotify:user:,2021-07-21T15:35:04Z,"brostep,dance pop,edm,pop,pop dance,progressive electro house,metropopolis,modern rock,pop rock",0.687,0.792,5,-2.749,1,0.0452,0.191,0,0.167,0.671,100.015,4
5Ohxk2dO5COHF1krpoPigN,"6KImCVD70vtIoJWnq6nGn3","Sign of the Times","Harry Styles","Harry Styles",2017-05-12,340706,83,spotify:user:,2022-04-07T14:48:05Z,"pop",0.516,0.595,5,-4.63,1,0.0313,0.0275,0,0.109,0.222,119.972,4
6lanRgr6wXibZr8KgzXxBl,"7H55rcKCfwqkyDFH9wpKM6","A Thousand Years","A Thousand Years","Christina Perri",2011-10-18,285120,79,spotify:user:,2021-11-15T20:52:53Z,"dance pop,neo mellow,pop,pop rock,post-teen pop",0.421,0.407,10,-7.445,1,0.0267,0.309,0.000961,0.11,0.161,139.028,3
1HNkqx9Ahdgi1Ixy2xkKkL,"6eUKZXaKkcviH0Ku9w2n3V","Photograph","x (Deluxe Edition)","Ed Sheeran",2014-06-21,258986,84,spotify:user:,2021-07-21T15:35:04Z,"pop,uk pop",0.614,0.379,4,-10.48,1,0.0476,0.607,0.000464,0.0986,0.201,107.989,4
23L5CiUhw2jV1OIMwthR3S,"60d24wfXkVzDSfLS6hyCjZ,64M6ah0SkkRsnPGtGiRAbb","In the Name of Love","In the Name of Love","Martin Garrix,Bebe Rexha",2016-07-29,195706,78,spotify:user:,2021-07-21T15:35:04Z,"dance pop,dutch edm,edm,electro house,pop,pop dance,progressive house,tropical house,post-teen pop",0.501,0.519,4,-5.88,0,0.0409,0.109,0,0.454,0.168,133.99,4
3EPXxR3ImUwfayaurPi3cm,"3QSQFmccmX81fWCUSPTS7y","Be Alright","Be Alright","Dean Lewis",2018-06-29,196373,79,spotify:user:,2021-07-21T15:35:04Z,"australian pop,pop",0.553,0.586,11,-6.319,1,0.0362,0.697,0,0.0813,0.443,126.684,4
3w3y8KPTfNeOKPiqUTakBh,"0du5cEVh5yTK9QJze8zA0C","Locked out of Heaven","Unorthodox Jukebox","Bruno Mars",2012-12-07,233478,86,spotify:user:,2022-03-20T23:12:28Z,"dance pop,pop",0.726,0.698,5,-4.165,1,0.0431,0.049,0,0.309,0.867,143.994,4
7LVHVU3tWfcxj5aiPFEW4Q,"4gzpq5DPGxSnKTe4SA8HAU","Fix You","X&Y","Coldplay",2005-06-07,295533,83,spotify:user:,2022-07-15T19:54:57Z,"permanent wave,pop",0.209,0.417,3,-8.74,1,0.0338,0.164,0.00196,0.113,0.124,138.178,4
7vGuf3Y35N4wmASOKLUVVU,"64KEffDW9EtZ1y2vBYgq8T,6LuN9FCkKOj5PcnpouEgny","Silence","Silence","Marshmello,Khalid",2017-08-11,180822,81,spotify:user:,2021-07-21T15:35:04Z,"brostep,dance pop,edm,pop,pop dance,progressive electro house,pop r&b",0.52,0.761,4,-3.093,1,0.0853,0.256,0.00000496,0.17,0.286,141.971,4
4Oun2ylbjFKMPTiaSbbCih,"4kYSro6naA4h99UJvo89HB,181bsRPaVXVlUKXrxwZfHK","WAP (feat. Megan Thee Stallion)","WAP (feat. Megan Thee Stallion)","Cardi B,Megan Thee Stallion",2020-08-07,187541,79,spotify:user:,2022-03-14T15:57:30Z,"dance pop,pop,rap,houston rap,trap queen",0.935,0.454,1,-7.509,1,0.375,0.0194,0,0.0824,0.357,133.073,4
6FE2iI43OZnszFLuLtvvmg,"2l35CQqtYRh3d8ZIiBep4v","Classic","MKTO","MKTO",2012,175426,80,spotify:user:,2022-09-12T15:32:40Z,"dance pop,pop,pop rap,pop rock,post-teen pop",0.72,0.791,1,-4.689,1,0.124,0.0384,0,0.157,0.756,102.071,4
5FVd6KXrgO9B3JPmC8OPst,"7Ln80lUS6He07XvHI8qqHH","Do I Wanna Know?","AM","Arctic Monkeys",2013-09-09,272394,87,spotify:user:,2021-07-21T15:35:04Z,"garage rock,modern rock,permanent wave,rock,sheffield indie",0.548,0.532,5,-7.596,1,0.0323,0.186,0.000263,0.217,0.405,85.03,4
76cy1WJvNGJTj78UqeA5zr,"6M2wZ9GZgrQXHCFfjv46we","IDGAF","Dua Lipa (Deluxe)","Dua Lipa",2017-06-02,217946,79,spotify:user:,2021-07-21T15:35:04Z,"dance pop,pop,uk pop",0.836,0.544,7,-5.975,1,0.0943,0.0403,0,0.0824,0.51,97.028,4
0yvPEnB032fojLfVluFjUv,"6S2OmqARrzebs0tKUEyXyp","Sorry Not Sorry","Tell Me You Love Me","Demi Lovato",2017-09-29,203760,75,spotify:user:,2022-06-08T17:40:04Z,"dance pop,pop,post-teen pop",0.706,0.643,11,-6.929,0,0.234,0.0242,0,0.262,0.885,143.931,4
3ee8Jmje8o58CHK66QrVC2,"15UsOTVnJzReFVN1VCnxy4","SAD!","?","XXXTENTACION",2018-03-16,166605,82,spotify:user:,2021-07-21T15:35:04Z,"emo rap,miami hip hop",0.74,0.613,8,-4.88,1,0.145,0.258,0.00372,0.123,0.473,75.023,4
7qEHsqek33rTcFNT9PFqLf,"4GNC7GD6oZMSxPGyXy4MNB","Someone You Loved","Divinely Uninspired To A Hellish Extent","Lewis Capaldi",2019-05-17,182160,86,spotify:user:,2021-07-21T15:35:04Z,"pop,uk pop",0.501,0.405,1,-5.679,1,0.0319,0.751,0,0.105,0.446,109.891,4
0nJW01T7XtvILxQgC5J7Wh,"0du5cEVh5yTK9QJze8zA0C","When I Was Your Man","Unorthodox Jukebox","Bruno Mars",2012-12-07,213826,86,spotify:user:,2021-07-21T15:35:04Z,"dance pop,pop",0.612,0.28,0,-8.648,1,0.0434,0.932,0,0.088,0.387,72.795,4
0tgVpDi06FyKpA1z0VMD4v,"6eUKZXaKkcviH0Ku9w2n3V","Perfect","÷ (Deluxe)","Ed Sheeran",2017-03-03,263400,86,spotify:user:,2021-07-21T15:35:04Z,"pop,uk pop",0.599,0.448,8,-6.312,1,0.0232,0.163,0,0.106,0.168,95.05,3
7DnAm9FOTWE3cUvso43HhI,"4npEfmQ6YuiwW1GpUmaq3F","Sweet but Psycho","Heaven & Hell","Ava Max",2020-09-18,187436,80,spotify:user:,2021-07-21T15:35:04Z,"dance pop,pop",0.72,0.706,1,-4.719,1,0.0473,0.0684,0,0.166,0.62,133.002,4
2P4OICZRVAQcYAV2JReRfj,"1vCWHaC5f2uS3yhpwWbIA6","Waiting For Love","Stories","Avicii",2015-10-02,230613,81,spotify:user:,2022-08-08T17:53:02Z,"dance pop,edm,pop,pop dance,pop rap",0.579,0.736,6,-3.863,0,0.0527,0.31,0,0.198,0.613,127.999,4
4MzXwWMhyBbmu6hOcLVD49,"4q3ewBCX7sLwd24euuV69X,0EFisYRi20PTADoJrifHrz","DÁKITI","EL ÚLTIMO TOUR DEL MUNDO","Bad Bunny,Jhay Cortez",2020-11-27,205090,80,spotify:user:,2021-07-29T15:57:30Z,"reggaeton,trap latino,reggaeton flow",0.731,0.573,4,-10.059,0,0.0544,0.401,0.0000522,0.113,0.145,109.928,4
5uCax9HTNlzGybIStD3vDh,"4IWBUUAFIplrNtaOHcJPRM","Say You Won't Let Go","Back from the Edge","James Arthur",2016-10-28,211466,85,spotify:user:,2021-07-21T15:35:04Z,"pop,talent show,uk pop",0.358,0.557,10,-7.398,1,0.059,0.695,0,0.0902,0.494,85.043,4
0KKkJNfGyhkQ5aFogxQAPU,"0du5cEVh5yTK9QJze8zA0C","That's What I Like","24K Magic","Bruno Mars",2016-11-17,206693,83,spotify:user:,2021-07-21T15:35:04Z,"dance pop,pop",0.853,0.56,1,-4.961,1,0.0406,0.013,0,0.0944,0.86,134.066,4
7AFASza1mXqntmGtbxXprO,"15UsOTVnJzReFVN1VCnxy4","changes","?","XXXTENTACION",2018-03-16,121886,79,spotify:user:,2021-08-09T15:13:22Z,"emo rap,miami hip hop",0.669,0.308,11,-10.068,1,0.029,0.883,0,0.0984,0.52,64.934,4
1c8gk2PeTE04A1pIDH9YMk,"4dpARuHxo51G3z768sgnrY","Rolling in the Deep","21","Adele",2011-01-24,228093,78,spotify:user:,2021-12-29T17:30:21Z,"british soul,pop,pop soul,uk pop",0.73,0.769,8,-5.114,1,0.0298,0.138,0,0.0473,0.507,104.948,4
7fBv7CLKzipRk6EC6TWHOB,"1Xyo4u8uXC1ZmMpatF05PJ","The Hills","Beauty Behind The Madness","The Weeknd",2015-08-28,242253,86,spotify:user:,2021-07-21T15:35:04Z,"canadian contemporary r&b,canadian pop,pop",0.585,0.564,0,-7.063,0,0.0515,0.0671,0,0.135,0.137,113.003,4
696DnlkuDOXcMAnKlTgXXK,"0vRvGUQVUjytro0xpb26bs","ROXANNE","ROXANNE","Arizona Zervas",2019-10-10,163636,77,spotify:user:,2021-07-21T15:35:04Z,"pop,pop rap,rhode island rap,viral rap",0.621,0.601,6,-5.616,0,0.148,0.0522,0,0.46,0.457,116.735,5
4VXIryQMWpIdGgYR4TrjT1,"4MCBfE4596Uoi2O4DtmEMz","All Girls Are The Same","Goodbye & Good Riddance","Juice WRLD",2018-12-10,165819,83,spotify:user:,2022-03-22T23:46:21Z,"chicago rap,melodic rap",0.671,0.529,0,-7.226,1,0.307,0.0769,0.000335,0.0856,0.203,161.989,4
7m9OqQk4RVRkw9JJdeAw96,"15UsOTVnJzReFVN1VCnxy4","Jocelyn Flores","17","XXXTENTACION",2017-08-25,119133,84,spotify:user:,2021-07-21T15:35:04Z,"emo rap,miami hip hop",0.872,0.391,0,-9.144,0,0.242,0.469,0.00000413,0.297,0.437,134.021,4
1CS7Sd1u5tWkstBhpssyjP,"2FXC3k01G6Gw61bmprjgqS","Take Me to Church","Hozier (Expanded Edition)","Hozier",2014-09-19,241693,75,spotify:user:,2021-07-21T15:35:04Z,"irish singer-songwriter,pop",0.566,0.664,4,-5.303,0,0.0464,0.634,0,0.116,0.437,128.945,4
2ekn2ttSfGqwhhate0LSR0,"6M2wZ9GZgrQXHCFfjv46we","New Rules","Dua Lipa (Deluxe)","Dua Lipa",2017-06-02,209320,80,spotify:user:,2021-07-21T15:35:04Z,"dance pop,pop,uk pop",0.762,0.7,9,-6.021,0,0.0694,0.00261,0.0000156,0.153,0.608,116.073,4
6uBhi9gBXWjanegOb2Phh0,"2qxJFvFYMEDqd7ui6kSAcq,2wUjUUtkb5lvLKcGKsKqsR","Stay","Stay","Zedd,Alessia Cara",2017-02-23,210090,75,spotify:user:,2021-11-22T22:55:30Z,"complextro,dance pop,edm,electro house,electropop,german techno,pop,pop dance,pop rap,post-teen pop,tropical house,canadian contemporary r&b,canadian pop",0.69,0.622,5,-5.025,0,0.0622,0.253,0,0.116,0.544,102.04,4
4frLb7nWtsz2ymBE6k2GRP,"1Xyo4u8uXC1ZmMpatF05PJ","Earned It (Fifty Shades Of Grey)","Beauty Behind The Madness","The Weeknd",2015-08-28,277680,74,spotify:user:,2021-08-31T04:00:00Z,"canadian contemporary r&b,canadian pop,pop",0.659,0.291,2,-8.275,0,0.0348,0.405,0,0.0771,0.406,119.829,3
0t3ZvGKlmYmVsDzBJAXK8C,"246dkjvS1zLTtiykXe5h60,50co4Is1HCEo8bhOyUWKpn","Goodbyes (feat. Young Thug)","Hollywood's Bleeding","Post Malone,Young Thug",2019-09-06,174853,79,spotify:user:,2022-07-19T21:05:29Z,"dfw rap,melodic rap,rap,atl hip hop,atl trap,gangster rap,hip hop,pop rap,trap",0.548,0.653,5,-3.875,1,0.081,0.456,0,0.103,0.163,150.068,4
6sy3LkhNFjJWlaeSMNwQ62,"5Pwc4xIPtQLFEnJriah9YJ","Counting Stars","Native","OneRepublic",2014-01-01,257839,77,spotify:user:,2021-07-21T15:35:04Z,"piano rock,pop",0.664,0.705,1,-4.972,0,0.0382,0.0654,0,0.115,0.477,122.017,4
5jrdCoLpJSvHHorevXBATy,"6jJ0s89eD6GaHleKKya26X,5gCRApTajqwbnHHPbr2Fpi","Dark Horse","PRISM (Deluxe)","Katy Perry,Juicy J",2013-10-18,215672,79,spotify:user:,2022-10-27T17:56:26Z,"dance pop,pop,crunk,dirty south rap,gangster rap,hip hop,memphis hip hop,pop rap,rap,southern hip hop,trap",0.645,0.585,6,-6.122,1,0.0513,0.00314,0,0.165,0.353,131.931,4
7AQim7LbvFVZJE3O8TYgf2,"15UsOTVnJzReFVN1VCnxy4,6Xgp2XMz1fhVYe7i6yNAax","Fuck Love (feat. Trippie Redd)","17","XXXTENTACION,Trippie Redd",2017-08-25,146520,82,spotify:user:,2021-08-09T15:13:22Z,"emo rap,miami hip hop,melodic rap,rap,trap",0.797,0.533,0,-9.74,0,0.0412,0.0172,0.000152,0.103,0.329,131.036,4
15vzANxN8G9wWfwAJLLMCg,"69GGBxA162lTqCwzJG5jLp","Paris","Paris","The Chainsmokers",2017-01-13,221520,69,spotify:user:,2022-09-12T15:32:40Z,"dance pop,edm,electropop,pop,pop dance,tropical house",0.646,0.644,2,-6.763,1,0.031,0.0243,0,0.0888,0.251,99.999,4
6wJYhPfqk3KGhHRG76WzOh,"5zctI4wO9XSKS8XwcnqEHk","Blueberry Faygo","Blueberry Faygo","Lil Mosey",2020-02-07,162546,72,spotify:user:,2022-02-28T18:46:23Z,"melodic rap,rap,rap conscient,trap,vapor trap,viral rap",0.774,0.554,0,-7.909,1,0.0383,0.207,0,0.132,0.349,99.034,4
285pBltuF7vW8TeWk8hdRR,"4MCBfE4596Uoi2O4DtmEMz","Lucid Dreams","Goodbye & Good Riddance","Juice WRLD",2018-12-10,239835,84,spotify:user:,2021-07-21T15:35:04Z,"chicago rap,melodic rap",0.511,0.566,6,-7.23,0,0.2,0.349,0,0.34,0.218,83.903,4
75JFxkI2RXiU7L9VXzMkle,"4gzpq5DPGxSnKTe4SA8HAU","The Scientist","A Rush of Blood to the Head","Coldplay",2002-08-08,309600,85,spotify:user:,2021-07-21T15:35:04Z,"permanent wave,pop",0.557,0.442,5,-7.224,1,0.0243,0.731,0.0000146,0.11,0.213,146.277,4
0d2iYfpKoM0QCKvcLCkBao,"5CiGnKThu5ctn9pBxv7DGa,26VFTg2z8YR0cCuwLzESi2,6LuN9FCkKOj5PcnpouEgny","Eastside (with Halsey & Khalid)","Eastside (with Halsey & Khalid)","benny blanco,Halsey,Khalid",2018-07-12,173799,74,spotify:user:,2021-07-21T15:35:04Z,"dance pop,edm,electropop,pop,pop rap,etherpop,indie poptimism,pop r&b",0.56,0.68,6,-7.648,0,0.321,0.555,0,0.116,0.319,89.391,4
7ef4DlsgrMEH11cDZd32M6,"7CajNmpbOovFoOoasH2HaY,6M2wZ9GZgrQXHCFfjv46we","One Kiss (with Dua Lipa)","One Kiss (with Dua Lipa)","Calvin Harris,Dua Lipa",2018-04-06,214846,87,spotify:user:,2021-07-21T15:35:04Z,"dance pop,edm,electro house,house,pop,progressive house,uk dance,uk pop",0.791,0.862,9,-3.24,0,0.11,0.037,0.0000219,0.0814,0.592,123.994,4
7FIWs0pqAYbP91WWM0vlTQ,"7dGJo4pcD2V6oG8kP0tJRR,4MCBfE4596Uoi2O4DtmEMz","Godzilla (feat. Juice WRLD)","Music To Be Murdered By","Eminem,Juice WRLD",2020-01-17,210800,82,spotify:user:,2022-10-10T16:19:46Z,"detroit hip hop,hip hop,rap,chicago rap,melodic rap",0.808,0.745,10,-5.26,0,0.342,0.145,0,0.292,0.829,165.995,4
6K4t31amVTZDgR3sKmwUJJ,"5INjqkS1o8h1imAzPqGZBb","The Less I Know The Better","Currents","Tame Impala",2015-07-17,216320,83,spotify:user:,2022-04-12T21:55:46Z,"australian psych,neo-psychedelic",0.64,0.74,4,-4.083,1,0.0284,0.0115,0.00678,0.167,0.785,116.879,4
09IStsImFySgyp0pIQdqAc,"2qxJFvFYMEDqd7ui6kSAcq,6WY7D3jk8zTrHtmkqqo5GI,4lDBihdpMlOalxy1jkUbPl","The Middle","The Middle","Zedd,Maren Morris,Grey",2018-01-23,184732,79,spotify:user:,2021-07-21T15:35:04Z,"complextro,dance pop,edm,electro house,electropop,german techno,pop,pop dance,pop rap,post-teen pop,tropical house,contemporary country,country,texas country,pop edm",0.753,0.657,7,-3.061,1,0.0449,0.171,0,0.112,0.437,107.01,4
2y5aJvzXhHPA94U5GFAcXe,"5ZsFI1h6hIdQRw2ti0hz81,06HL4z0CvFAxyc27GXpf02","I Don’t Wanna Live Forever (Fifty Shades Darker)","Fifty Shades Darker (Original Motion Picture Soundtrack)","ZAYN,Taylor Swift",2017-02-10,245653,64,spotify:user:,2021-07-21T15:35:04Z,"dance pop,pop,post-teen pop,uk pop",0.734,0.442,0,-8.432,1,0.0557,0.0594,0.0000163,0.213,0.0973,117.967,4
7vRriwrloYVaoAe3a9wJHe,"3iri9nBFs9e4wN7PLIetAw,1QRj3hoop9Mv5VvHQkwPEp","i hate u, i love u (feat. olivia o'brien)","us","gnash,Olivia O'Brien",2016-03-25,251033,77,spotify:user:,2021-07-21T15:35:04Z,"pop,alt z,dance pop,electropop,post-teen pop",0.492,0.275,6,-13.4,0,0.3,0.687,0,0.101,0.18,92.6,4
2Fxmhks0bxGSBdJ92vM42m,"6qqNVTkY8uBg9cP3Jd7DAH","bad guy","WHEN WE ALL FALL ASLEEP, WHERE DO WE GO?","Billie Eilish",2019-03-29,194087,83,spotify:user:,2021-07-21T15:35:04Z,"art pop,electropop,pop",0.701,0.425,7,-10.965,1,0.375,0.328,0.13,0.1,0.562,135.128,4
3CRDbSIZ4r5MsZ0YwxuEkn,"3YQKmKGau1PzlVlkL1iodx","Stressed Out","Blurryface","Twenty One Pilots",2015-05-15,202333,84,spotify:user:,2021-07-21T15:35:04Z,"modern rock,rock",0.734,0.637,4,-5.677,0,0.141,0.0462,0.0000229,0.0602,0.648,169.977,4
7rglLriMNBPAyuJOMGwi39,"3PhoLpVuITZKcymswpck5b,6M2wZ9GZgrQXHCFfjv46we,6n28c9qs9hNGriNa72b26u","Cold Heart - PNAU Remix","The Lockdown Sessions","Elton John,Dua Lipa,PNAU",2021-10-22,202735,70,spotify:user:,2022-07-13T19:16:54Z,"glam rock,mellow gold,piano rock,dance pop,pop,uk pop,alternative dance,aussietronica,australian dance,australian electropop",0.795,0.8,1,-6.32,1,0.0309,0.0354,0.0000725,0.0915,0.934,116.032,4
1rIKgCH4H52lrvDcz50hS8,"1Xylc3o4UrD53lo9CvFvVg","Lush Life","So Good","Zara Larsson",2017-03-17,201122,76,spotify:user:,2021-08-13T16:23:25Z,"dance pop,edm,electropop,pop,pop dance,post-teen pop,scandipop,swedish electropop,swedish pop,tropical house",0.694,0.712,7,-3.923,0,0.046,0.132,0,0.211,0.799,98.023,4
3LlAyCYU26dvFZBDUIMb7a,"53XhwfbYqKCa1cC15pYq2q","Demons","Night Visions","Imagine Dragons",2012-09-04,175200,74,spotify:user:,2021-07-21T15:35:04Z,"modern rock,rock",0.505,0.71,3,-3.015,1,0.0321,0.19,0.00025,0.329,0.428,89.938,4
3yfqSUWxFvZELEM4PmlwIR,"7dGJo4pcD2V6oG8kP0tJRR","The Real Slim Shady","The Marshall Mathers LP","Eminem",2000-05-23,284200,87,spotify:user:,2022-06-30T21:34:19Z,"detroit hip hop,hip hop,rap",0.949,0.661,5,-4.244,0,0.0572,0.0302,0,0.0454,0.76,104.504,4
1rqqCSm0Qe4I9rUvWncaom,"20JZFwl6HVl6yg8a4H3ZqK","High Hopes","Pray for the Wicked","Panic! At The Disco",2018-06-22,190946,80,spotify:user:,2021-07-21T15:35:04Z,"modern rock",0.579,0.904,5,-2.729,1,0.0618,0.193,0,0.064,0.681,82.014,4
68Dni7IE4VyPkTOH9mRWHr,"6l3HvQ5sa6mXTsMTB19rO5","No Role Modelz","2014 Forest Hills Drive","J. Cole",2014-12-09,292799,87,spotify:user:,2022-05-05T21:12:13Z,"conscious hip hop,hip hop,north carolina hip hop,rap",0.69,0.521,10,-8.492,0,0.339,0.324,0,0.0534,0.494,100.028,4
6RtPijgfPKROxEzTHNRiDp,"0DxeaLnv6SyYk2DOqkLO8c","Rude","Don't Kill the Magic","MAGIC!",2014-06-25,224840,80,spotify:user:,2022-04-04T19:04:36Z,"pop,reggae fusion",0.773,0.758,1,-4.993,1,0.0381,0.0422,0,0.305,0.925,144.033,4
6i0V12jOa3mr6uu4WYhUBr,"3YQKmKGau1PzlVlkL1iodx","Heathens","Heathens","Twenty One Pilots",2016-06-16,195920,81,spotify:user:,2021-07-21T15:35:04Z,"modern rock,rock",0.732,0.396,4,-9.348,0,0.0286,0.0841,0.0000358,0.105,0.548,90.024,4
0puf9yIluy9W0vpMEUoAnN,"2gsggkzM5R49q6jpPvazou,66CXWjxzNUsdJxJ2JdwvnR,0hCNtLu0JehylgoiP8L4Gh","Bang Bang","Sweet Talker (Deluxe Version)","Jessie J,Ariana Grande,Nicki Minaj",2014-10-14,199386,78,spotify:user:,2022-02-17T15:32:20Z,"dance pop,pop,pop rap,post-teen pop,hip pop,queens hip hop,rap",0.706,0.786,0,-3.417,0,0.091,0.26,0,0.38,0.751,150.028,4
3JvrhDOgAt6p7K8mDyZwRd,"10exVja0key0uqUkk6LJRT","Riptide","Dream Your Life Away (Special Edition)","Vance Joy",2014-09-09,204280,79,spotify:user:,2021-07-21T15:35:04Z,"folk-pop,pop",0.484,0.731,1,-6.694,1,0.0379,0.431,0,0.151,0.51,101.654,4
1zwMYTA5nlNjZxYrvBB2pV,"4dpARuHxo51G3z768sgnrY","Someone Like You","21","Adele",2011-01-24,285240,78,spotify:user:,2021-07-21T15:35:04Z,"british soul,pop,pop soul,uk pop",0.556,0.319,9,-8.251,1,0.0281,0.893,0,0.0996,0.294,135.187,4
4jPy3l0RUwlUI9T5XHBW2m,"6fWVd57NKTalqvmjRd2t8Z,6ASri4ePR7RlsvIQgWPJpS","Mood (feat. iann dior)","El Dorado","24kGoldn,iann dior",2021-03-26,140533,82,spotify:user:,2021-07-21T15:35:04Z,"cali rap,pop,pop rap,rap,melodic rap",0.701,0.716,7,-3.671,0,0.0361,0.174,0,0.324,0.732,91.007,4
4wCmqSrbyCgxEXROQE6vtV,"2AsusXITU8P25dlRNhcAbG,6hk7Yq1DU9QcCCrz9uc0Ti","Somebody That I Used To Know","Making Mirrors","Gotye,Kimbra",2011-01-01,244973,75,spotify:user:,2021-11-22T22:55:30Z,"australian pop,bergen indie,electropop,nz pop",0.864,0.495,0,-7.036,1,0.037,0.591,0.000133,0.0992,0.72,129.062,4
5tz69p7tJuGPeMGwNTxYuV,"4xRYI6VqpkE3UwrDrAZL8L,2wUjUUtkb5lvLKcGKsKqsR,6LuN9FCkKOj5PcnpouEgny","1-800-273-8255","Everybody","Logic,Alessia Cara,Khalid",2017-05-05,250173,76,spotify:user:,2021-07-21T15:35:04Z,"conscious hip hop,dmv rap,hip hop,pop rap,rap,canadian contemporary r&b,canadian pop,dance pop,electropop,pop,post-teen pop,pop r&b",0.62,0.574,5,-7.788,0,0.0479,0.569,0,0.19,0.357,100.023,4
1lOe9qE0vR9zwWQAOk6CoO,"4Ga1P7PMIsmqEZqhYZQgDo","Ransom","We Love You Tecca","Lil Tecca",2019-08-30,131240,80,spotify:user:,2022-06-06T13:07:11Z,"melodic rap,pluggnb,rap",0.745,0.642,7,-6.257,0,0.287,0.0204,0,0.0658,0.226,179.974,4
4w8niZpiMy6qz1mntFA5uM,"540vIaP2JwjQb9dm3aArA4,0C8ZW7ezQVs4URX5aX7Kqx,1i8SpTcr7yvPOmcqrbnVXY,4kYSro6naA4h99UJvo89HB","Taki Taki (with Selena Gomez, Ozuna & Cardi B)","Taki Taki (with Selena Gomez, Ozuna & Cardi B)","DJ Snake,Selena Gomez,Ozuna,Cardi B",2018-09-28,212500,75,spotify:user:,2021-07-21T15:35:04Z,"dance pop,edm,electronic trap,pop,pop dance,pop rap,post-teen pop,puerto rican pop,reggaeton,trap latino,rap",0.842,0.801,8,-4.167,0,0.228,0.157,0.00000482,0.0642,0.617,95.881,4
3Ofmpyhv5UAQ70mENzB277,"1uU7g3DNSbsu0QjSEqZtEd","Astronaut In The Ocean","Astronaut In The Ocean","Masked Wolf",2021-01-06,132780,77,spotify:user:,2022-09-12T15:32:40Z,"australian hip hop",0.778,0.695,4,-6.865,0,0.0913,0.175,0,0.15,0.472,149.996,4
4pAl7FkDMNBsjykPXo91B3,"5pKCCKE2ajJHZ9KAiaK11H","Needed Me","ANTI (Deluxe)","Rihanna",2016-01-28,191600,81,spotify:user:,2022-02-23T21:17:27Z,"barbadian pop,dance pop,pop,urban contemporary",0.671,0.314,5,-8.091,0,0.244,0.11,0,0.0825,0.296,110.898,4
76hfruVvmfQbw0eYn1nmeC,"6T5tfhQCknKG4UnH90qGnz","Cake By The Ocean","DNCE","DNCE",2016-11-18,219146,80,spotify:user:,2021-07-21T15:35:04Z,"dance pop,pop,post-teen pop",0.774,0.753,4,-5.446,0,0.0517,0.152,0,0.0371,0.896,119.002,4
2s1sdSqGcKxpPr5lCl7jAV,"5WUlDfRSoLAfcVSX1WnrxN","Chandelier","1000 Forms Of Fear (Deluxe Version)","Sia",2015-05-04,216120,69,spotify:user:,2021-07-21T15:35:04Z,"australian dance,australian pop,dance pop,pop",0.399,0.787,1,-2.88,1,0.0499,0.0197,0.0000607,0.0685,0.572,117.089,5
6AWe04n4zsYkGKb3Pf7LMk,"1dfeR4HaWDbWqFHLkxsg1d","Bohemian Rhapsody - 2011 Remaster","Bohemian Rhapsody (The Original Soundtrack)","Queen",2018-10-19,354947,44,spotify:user:,2021-07-21T15:35:04Z,"classic rock,glam rock,rock",0.39,0.397,0,-9.963,0,0.0513,0.287,0,0.207,0.246,144.031,4
7BqBn9nzAq8spo5e7cZ0dJ,"0du5cEVh5yTK9QJze8zA0C","Just the Way You Are","Doo-Wops & Hooligans","Bruno Mars",2010-10-05,220734,81,spotify:user:,2021-07-21T15:35:04Z,"dance pop,pop",0.635,0.841,5,-5.379,1,0.0422,0.0134,0,0.0622,0.424,109.021,4
6RUKPb4LETWmmr3iAEQktW,"69GGBxA162lTqCwzJG5jLp,4gzpq5DPGxSnKTe4SA8HAU","Something Just Like This","Memories...Do Not Open","The Chainsmokers,Coldplay",2017-04-07,247160,84,spotify:user:,2021-07-21T15:35:04Z,"dance pop,edm,electropop,pop,pop dance,tropical house,permanent wave",0.617,0.635,11,-6.769,0,0.0317,0.0498,0.0000144,0.164,0.446,103.019,4
2Z8WuEywRWYTKe1NybPQEW,"3YQKmKGau1PzlVlkL1iodx","Ride","Blurryface","Twenty One Pilots",2015-05-15,214506,81,spotify:user:,2021-07-21T15:35:04Z,"modern rock,rock",0.645,0.713,6,-5.355,1,0.0393,0.00835,0,0.113,0.566,74.989,4
6gBFPUFcJLzWGx4lenP6h2,"0Y5tJX1MQlPlqiwlOH1tJY","goosebumps","Birds In The Trap Sing McKnight","Travis Scott",2016-09-16,243836,83,spotify:user:,2021-07-21T15:35:04Z,"rap,slap house",0.841,0.728,7,-3.37,1,0.0484,0.0847,0,0.149,0.43,130.049,4
3ebXMykcMXOcLeJ9xZ17XH,"60d24wfXkVzDSfLS6hyCjZ,6M2wZ9GZgrQXHCFfjv46we","Scared to Be Lonely","Scared to Be Lonely","Martin Garrix,Dua Lipa",2017-01-27,220883,77,spotify:user:,2022-02-14T19:16:21Z,"dance pop,dutch edm,edm,electro house,pop,pop dance,progressive house,tropical house,uk pop",0.584,0.54,1,-7.786,0,0.0576,0.0895,0,0.261,0.195,137.972,4
50kpGaPAhYJ3sGmk6vplg0,"1uNFoZAHBGtllmzznpCI3s","Love Yourself","Purpose (Deluxe)","Justin Bieber",2015-11-13,233720,83,spotify:user:,2021-07-21T15:35:04Z,"canadian pop,pop",0.609,0.378,4,-9.828,1,0.438,0.835,0,0.28,0.515,100.418,4
4Ce37cRWvM1vIGGynKcs22,"5p7f24Rk5HkUZsaS3BLG5F,4lDBihdpMlOalxy1jkUbPl,2qxJFvFYMEDqd7ui6kSAcq","Starving","Starving","Hailee Steinfeld,Grey,Zedd",2016-07-22,181880,74,spotify:user:,2021-12-05T16:41:13Z,"dance pop,pop,post-teen pop,pop edm,complextro,edm,electro house,electropop,german techno,pop dance,pop rap,tropical house",0.728,0.616,4,-4.238,1,0.0645,0.378,0,0.105,0.508,99.962,4
1mea3bSkSGXuIRvnydlB5b,"4gzpq5DPGxSnKTe4SA8HAU","Viva La Vida","Viva La Vida or Death and All His Friends","Coldplay",2008-05-26,242373,84,spotify:user:,2022-01-26T16:14:45Z,"permanent wave,pop",0.486,0.617,5,-7.115,0,0.0287,0.0954,0.00000323,0.109,0.417,138.015,4
2iuZJX9X9P0GKaE93xcPjk,"04gDigrS5kc9YWfZHwBETP","Sugar","V","Maroon 5",2014-09-02,235493,80,spotify:user:,2021-07-21T15:35:04Z,"pop",0.748,0.788,1,-7.055,1,0.0334,0.0591,0,0.0863,0.884,120.076,4
7hxHWCCAIIxFLCzvDgnQHX,"6MPCFvOQv5cIGfw3jODMF0,2hlmm7s2ICUX0LVIhVFlZQ,4Gso3d4CscCijv0lmajZWs,7rkW85dBwwrJtlHRDkJDAC","Lemonade (feat. Gunna, Don Toliver & NAV)","B4 The Storm","Internet Money,Gunna,Don Toliver,NAV",2020-08-28,195428,76,spotify:user:,2022-04-11T12:46:33Z,"rap,trap,viral rap,atl hip hop,melodic rap,pop,canadian hip hop,canadian trap,hip hop,toronto rap",0.8,0.658,1,-6.142,0,0.079,0.25,0,0.111,0.462,140.042,4
70LcF31zb1H0PyJoS1Sx1r,"4Z8W4fKeB5YxbusRsdQVPb","Creep","Pablo Honey","Radiohead",1993-02-22,238640,85,spotify:user:,2022-09-25T22:14:03Z,"alternative rock,art rock,melancholia,oxford indie,permanent wave,rock",0.515,0.43,7,-9.935,1,0.0372,0.0097,0.000133,0.129,0.104,91.844,4
52okn5MNA47tk87PeZJLEL,"6fOMl44jA4Sp5b9PpYCkzz","Let You Down","Perception","NF",2017-10-06,212120,80,spotify:user:,2021-07-21T15:35:04Z,"hip hop,pop rap,rap",0.662,0.714,5,-5.68,0,0.121,0.312,0,0.179,0.464,147.997,4
7BKLCZ1jbUBVqRi2FVlTVw,"69GGBxA162lTqCwzJG5jLp,26VFTg2z8YR0cCuwLzESi2","Closer","Closer","The Chainsmokers,Halsey",2016-07-29,244960,84,spotify:user:,2021-07-21T15:35:04Z,"dance pop,edm,electropop,pop,pop dance,tropical house,etherpop,indie poptimism",0.748,0.524,8,-5.599,1,0.0338,0.414,0,0.111,0.661,95.01,4
6Qyc6fS4DsZjB2mRW9DsQs,"2sil8z5kiy4r76CRTXxBCA","Iris","Dizzy up the Girl","The Goo Goo Dolls",1998-09-11,289533,82,spotify:user:,2022-08-15T19:24:02Z,"neo mellow,permanent wave,pop rock",0.315,0.715,11,-8.072,0,0.0362,0.00125,0.00000797,0.0942,0.497,155.925,3
6iaSML1PIYq936g62BDtBq,"4MCBfE4596Uoi2O4DtmEMz","Robbery","Death Race For Love (Bonus Track Version)","Juice WRLD",2019-03-08,240050,81,spotify:user:,2022-07-04T15:38:00Z,"chicago rap,melodic rap",0.623,0.692,2,-5.122,1,0.0504,0.328,0,0.153,0.566,79.899,4
1WIfWj5skn5UUZTs4cEFBe,"6LuN9FCkKOj5PcnpouEgny","Location","Location","Khalid",2017-10-31,217566,53,spotify:user:,2021-07-21T15:35:04Z,"pop,pop r&b",0.799,0.436,1,-9.975,0,0.379,0.283,0.000105,0.0968,0.311,80.028,4
2TH65lNHgvLxCKXM3apjxI,"4q3ewBCX7sLwd24euuV69X,0GM7qgcRCORpGnfcN2tCiB","Callaita","Callaita","Bad Bunny,Tainy",2019-05-31,250533,79,spotify:user:,2022-05-23T15:08:03Z,"reggaeton,trap latino,latin hip hop,latin pop,pop reggaeton,reggaeton flow",0.61,0.624,2,-4.773,1,0.309,0.6,0.00000212,0.243,0.244,176.169,4
0pqnGHJpmpxLKifKRmU6WP,"53XhwfbYqKCa1cC15pYq2q","Believer","Evolve","Imagine Dragons",2017-06-23,204346,87,spotify:user:,2021-07-21T15:35:04Z,"modern rock,rock",0.776,0.78,10,-4.374,0,0.128,0.0622,0,0.081,0.666,124.949,4
5Nm9ERjJZ5oyfXZTECKmRt,"2wY79sveU1sp5g7SokKOiI","Stay With Me","In The Lonely Hour","Sam Smith",2014-05-26,172723,83,spotify:user:,2021-07-21T15:35:04Z,"dance pop,pop,uk pop",0.418,0.42,0,-6.444,1,0.0414,0.588,0.0000639,0.11,0.184,84.094,4
3eekarcy7kvN4yt5ZFzltW,"0Y5tJX1MQlPlqiwlOH1tJY","HIGHEST IN THE ROOM","HIGHEST IN THE ROOM","Travis Scott",2019-10-04,175720,82,spotify:user:,2021-08-24T10:00:00Z,"rap,slap house",0.598,0.427,7,-8.764,0,0.0317,0.0546,0.00000583,0.21,0.0605,76.469,4
40YcuQysJ0KlGQTeGUosTC,"02kJSzxNuaWGqwubyUba0Z,64M6ah0SkkRsnPGtGiRAbb","Me, Myself & I","When It's Dark Out","G-Eazy,Bebe Rexha",2015-12-04,251466,77,spotify:user:,2021-11-22T22:55:30Z,"indie pop rap,oakland hip hop,pop,pop rap,rap,dance pop,edm,post-teen pop",0.756,0.674,0,-6.518,0,0.0959,0.0184,0,0.158,0.389,111.995,4
4uoR6qeWeuL4Qeu2qJzkuG,"1r4hJ1h58CWwUQe3MxPuau","Hawái","Hawái","Maluma",2020-07-29,200197,75,spotify:user:,2022-09-19T19:27:38Z,"reggaeton,reggaeton colombiano",0.787,0.728,6,-3.455,0,0.389,0.189,0.0000229,0.0629,0.545,180.066,4
2VxeLyX666F8uXCJ0dZF8B,"1HY2Jd0NmPuamShAr6KMms,4VIvfOurcf0vuLRxLkGnIG","Shallow","A Star Is Born Soundtrack","Lady Gaga,Bradley Cooper",2018-10-05,215733,83,spotify:user:,2021-07-21T15:35:04Z,"art pop,dance pop,pop,hollywood",0.572,0.385,7,-6.362,1,0.0308,0.371,0,0.231,0.323,95.799,4
5Z3GHaZ6ec9bsiI5BenrbY,"6LuN9FCkKOj5PcnpouEgny","Young Dumb & Broke","American Teen","Khalid",2017-04-27,202546,79,spotify:user:,2021-07-21T15:35:04Z,"pop,pop r&b",0.799,0.539,1,-6.351,1,0.0421,0.199,0.0000166,0.165,0.394,136.948,4
7lQ8MOhq6IN2w8EYcFNSUk,"7dGJo4pcD2V6oG8kP0tJRR","Without Me","The Eminem Show","Eminem",2002-05-26,290320,88,spotify:user:,2022-01-26T16:14:45Z,"detroit hip hop,hip hop,rap",0.908,0.669,7,-2.827,1,0.0738,0.00286,0,0.237,0.662,112.238,4
1rfofaqEpACxVEHIZBJe6W,"4nDoRrQiYLoBzwC5BhVJzF,50co4Is1HCEo8bhOyUWKpn","Havana (feat. Young Thug)","Camila","Camila Cabello,Young Thug",2018-01-12,217306,79,spotify:user:,2021-07-21T15:35:04Z,"dance pop,pop,post-teen pop,atl hip hop,atl trap,gangster rap,hip hop,melodic rap,pop rap,rap,trap",0.765,0.523,2,-4.333,1,0.03,0.184,0.0000356,0.132,0.394,104.988,4
0lYBSQXN6rCTvUZvg9S0lU,"540vIaP2JwjQb9dm3aArA4,1uNFoZAHBGtllmzznpCI3s","Let Me Love You","Encore","DJ Snake,Justin Bieber",2016-08-05,205946,83,spotify:user:,2021-07-21T15:35:04Z,"dance pop,edm,electronic trap,pop,pop dance,pop rap,canadian pop",0.649,0.716,8,-5.371,1,0.0349,0.0863,0.0000263,0.135,0.163,99.988,4
7xQAfvXzm3AkraOtGPWIZg,"246dkjvS1zLTtiykXe5h60","Wow.","Hollywood's Bleeding","Post Malone",2019-09-06,149546,81,spotify:user:,2021-07-21T15:35:04Z,"dfw rap,melodic rap,rap",0.829,0.539,11,-7.359,0,0.208,0.136,0.00000178,0.103,0.388,99.96,4
4kbj5MwxO1bq9wjT5g9HaA,"6DIS6PRrLS3wbnZsf7vYic","Shut Up and Dance","TALKING IS HARD","WALK THE MOON",2014-12-02,199080,82,spotify:user:,2022-10-14T18:01:16Z,"dance rock,indie poptimism,modern alternative rock,modern rock,pop rock,rock",0.578,0.866,1,-3.804,1,0.0619,0.00701,0,0.257,0.619,128.038,4
2JzZzZUQj3Qff7wapcbKjc,"137W8MRPWKqSmrBGDBFSop,6VuMaDnrHyPL1p4EHjYLi7","See You Again (feat. Charlie Puth)","See You Again (feat. Charlie Puth)","Wiz Khalifa,Charlie Puth",2015,229525,81,spotify:user:,2021-07-21T15:35:04Z,"dance pop,hip hop,pittsburgh rap,pop rap,rap,southern hip hop,trap,pop,viral pop",0.689,0.481,10,-7.503,1,0.0815,0.369,0.00000103,0.0649,0.283,80.025,4
7k4t7uLgtOxPwTpFmtJNTY,"790FomKkXshlbRYZFtlgla,0hCNtLu0JehylgoiP8L4Gh","Tusa","Tusa","KAROL G,Nicki Minaj",2019-11-07,200960,76,spotify:user:,2021-07-21T15:35:04Z,"reggaeton,reggaeton colombiano,dance pop,hip pop,pop,queens hip hop,rap",0.803,0.715,2,-3.28,1,0.298,0.295,0.000134,0.0574,0.574,101.085,4
7zsXy7vlHdItvUSH8EwQss,"738wLrAtLtCtFOLvQBXOXp,1uNFoZAHBGtllmzznpCI3s,0bdfiayQAKewqEvaU6rXCv","Cold Water","Cold Water","Major Lazer,Justin Bieber,MØ",2016-07-22,185360,67,spotify:user:,2021-07-21T15:35:04Z,"dance pop,edm,electro house,moombahton,pop,pop dance,pop rap,tropical house,canadian pop,danish pop,electropop",0.608,0.798,6,-5.092,0,0.0432,0.0736,0,0.156,0.501,92.943,4
2B4GHvToeLTOBB4QLzW3Ni,"329e4yvIujISKGKz1BZZbO","Pepas","La 167","Farruko",2021-10-01,287120,73,spotify:user:,2022-08-09T18:37:28Z,"latin hip hop,reggaeton,trap latino",0.762,0.766,7,-3.955,1,0.0343,0.00776,0.0000698,0.128,0.442,130.001,4
4B0JvthVoAAuygILe3n4Bs,"1uNFoZAHBGtllmzznpCI3s","What Do You Mean?","Purpose (Deluxe)","Justin Bieber",2015-11-13,205680,77,spotify:user:,2021-07-21T15:35:04Z,"canadian pop,pop",0.845,0.567,5,-8.118,0,0.0956,0.59,0.00142,0.0811,0.793,125.02,4
5kqIPrATaCc2LqxVWzQGbk,"25u4wHJWxCA9vO0CzxAbK7","7 Years","Lukas Graham","Lukas Graham",2016-04-01,237300,79,spotify:user:,2021-07-21T15:35:04Z,"danish pop,pop,scandipop",0.765,0.473,10,-5.829,1,0.0514,0.287,0,0.391,0.34,119.992,4
4tCtwWceOPWzenK2HAIJSb,"1l8Fu6IkuTP0U5QetQJ5Xt,7c0XG5cIJTrrAgEC3ULPiq","Work from Home (feat. Ty Dolla $ign)","7/27 (Deluxe)","Fifth Harmony,Ty Dolla $ign",2016-05-27,214480,74,spotify:user:,2021-07-21T15:35:04Z,"dance pop,girl group,pop,post-teen pop,talent show,hip hop,pop rap,r&b,southern hip hop,trap,trap soul",0.803,0.585,8,-5.861,1,0.0432,0.103,0.00000394,0.0644,0.593,105.017,4
6h5PAsRni4IRlxWr6uDPTP,"2XnBwblw31dfGnspMIwgWz","More Than You Know","More Than You Know","Axwell /\ Ingrosso",2017-07-28,203000,79,spotify:user:,2022-03-03T17:42:01Z,"dance pop,edm,electro house,pop,pop dance,tropical house",0.646,0.741,5,-4.973,0,0.034,0.0275,0,0.312,0.571,123.077,4
0WtDGnWL2KrMCk0mI1Gpwz,"73sIBHcqh3Z3NyqHKZ7FOL","Redbone","Awaken, My Love!","Childish Gambino",2016-12-02,326933,81,spotify:user:,2021-10-06T05:00:00Z,"atl hip hop,hip hop,pop,rap",0.745,0.353,1,-10.614,1,0.0983,0.174,0.00662,0.118,0.598,160.111,4
5knuzwU65gJK7IF5yJsuaW,"6MDME20pz9RveH9rEXvrOM,3Isy6kedDrgPYoTS1dazA9,1zNqDE7qDGCsyzJwohVaoX","Rockabye (feat. Sean Paul & Anne-Marie)","Rockabye (feat. Sean Paul & Anne-Marie)","Clean Bandit,Sean Paul,Anne-Marie",2016-10-21,251088,74,spotify:user:,2021-07-21T15:35:04Z,"dance pop,edm,pop,pop dance,post-teen pop,tropical house,uk dance,uk funky,dancehall,pop rap",0.72,0.763,9,-4.068,0,0.0523,0.406,0,0.18,0.742,101.965,4
5Q0Nhxo0l2bP3pNjpGJwV1,"5YGY8feqx7naU7z4HrwZM6","Party In The U.S.A.","The Time Of Our Lives","Miley Cyrus",2009-01-01,202066,75,spotify:user:,2022-08-29T00:23:55Z,"dance pop,pop",0.652,0.698,10,-4.667,0,0.042,0.00112,0.000115,0.0886,0.47,96.021,4
1KxwZYyzWNyZSRyErj2ojT,"0gadJ2b9A4SKsB1RFkBb66","Let Her Go","All The Little Lights","Passenger",2012-08-28,252733,75,spotify:user:,2021-07-21T15:35:04Z,"folk-pop,neo mellow",0.479,0.545,7,-7.346,1,0.0688,0.365,0,0.0963,0.243,74.897,4
3gbBpTdY8lnQwqxNCcf795,"7EQ0qTo7fWT7DPxmxtSYEc","Pompeii","Bad Blood","Bastille",2013-01-01,214147,72,spotify:user:,2021-12-16T20:08:46Z,"metropopolis,modern rock,pop,pop rock",0.679,0.715,9,-6.383,1,0.0407,0.0755,0,0.271,0.571,127.435,4
3S4px9f4lceWdKf0gWciFu,"5WUlDfRSoLAfcVSX1WnrxN","Cheap Thrills","This Is Acting (Deluxe Version)","Sia",2016-10-21,211666,69,spotify:user:,2021-07-21T15:35:04Z,"australian dance,australian pop,dance pop,pop",0.628,0.698,6,-5.608,0,0.105,0.0472,0.00143,0.0907,0.732,89.976,4
7gHs73wELdeycvS48JfIos,"7vk5e3vY1uw9plTHJAMwjN","Faded","Faded","Alan Walker",2015-12-04,212626,71,spotify:user:,2021-07-21T15:35:04Z,"electro house",0.589,0.651,6,-5.097,1,0.0306,0.0291,0.0000032,0.111,0.166,90.011,4
0nbXyq5TXYPCO7pr3N8S4I,"757aE44tKEUQEqRuT6GnEB","The Box","Please Excuse Me for Being Antisocial","Roddy Ricch",2019-12-06,196652,80,spotify:user:,2021-07-21T15:35:04Z,"melodic rap,rap,trap",0.896,0.586,10,-6.687,0,0.0559,0.104,0,0.79,0.642,116.971,4
3U4isOIWM3VvDubwSI3y7a,"5y2Xq6xcjJb2jVM54GHK3t","All of Me","Love In The Future (Expanded Edition)","John Legend",2013-08-30,269560,84,spotify:user:,2021-07-21T15:35:04Z,"neo soul,pop,pop soul,r&b,urban contemporary",0.422,0.264,8,-7.064,1,0.0322,0.922,0,0.132,0.331,119.93,4
57JVGBtBLCfHw2muk5416J,"1dfeR4HaWDbWqFHLkxsg1d","Another One Bites The Dust - Remastered 2011","The Game (Deluxe Remastered Version)","Queen",1980-06-27,214653,71,spotify:user:,2021-07-21T15:35:04Z,"classic rock,glam rock,rock",0.933,0.528,5,-6.472,0,0.162,0.112,0.329,0.163,0.756,109.975,4
7vu0JkJh0ldukEYbTVcqd0,"0ZED1XzwlLHW4ZaG4lOT6m","Issues","Nervous System","Julia Michaels",2017-07-28,176320,74,spotify:user:,2022-01-26T16:14:45Z,"alt z,dance pop,electropop,pop,post-teen pop",0.728,0.415,8,-6.852,1,0.0639,0.401,0,0.0616,0.455,114.145,4
58q2HKrzhC3ozto2nDdN4z,"4kYSro6naA4h99UJvo89HB,4q3ewBCX7sLwd24euuV69X,1vyhD5VmyZ7KMfW5gqLgo5","I Like It","Invasion of Privacy","Cardi B,Bad Bunny,J Balvin",2018-04-06,253390,78,spotify:user:,2021-07-21T15:35:04Z,"dance pop,pop,rap,reggaeton,trap latino,reggaeton colombiano",0.816,0.726,5,-3.998,0,0.129,0.099,0,0.372,0.65,136.048,4
62PaSfnXSMyLshYJrlTuL3,"4dpARuHxo51G3z768sgnrY","Hello","25","Adele",2015-11-20,295502,72,spotify:user:,2021-07-21T15:35:04Z,"british soul,pop,pop soul,uk pop",0.578,0.43,5,-6.134,0,0.0305,0.33,0,0.0854,0.288,78.991,4
7iDa6hUg2VgEL1o1HjmfBn,"64M6ah0SkkRsnPGtGiRAbb,3b8QkneNDz4JHKKKlLgYZg","Meant to Be (feat. Florida Georgia Line)","All Your Fault: Pt. 2","Bebe Rexha,Florida Georgia Line",2017-08-11,163870,74,spotify:user:,2021-07-21T15:35:04Z,"dance pop,edm,pop,post-teen pop,contemporary country,country,country pop,country road,modern country rock",0.643,0.783,10,-6.458,1,0.0856,0.047,0,0.083,0.579,154.084,4
7dt6x5M1jzdTEt8oCbisTK,"246dkjvS1zLTtiykXe5h60","Better Now","beerbongs & bentleys","Post Malone",2018-04-27,231266,80,spotify:user:,2021-07-21T15:35:04Z,"dfw rap,melodic rap,rap",0.68,0.578,10,-5.804,1,0.04,0.331,0,0.135,0.341,145.038,4
09CtPGIpYB4BrO8qb1RGsF,"1uNFoZAHBGtllmzznpCI3s","Sorry","Purpose (Deluxe)","Justin Bieber",2015-11-13,200786,81,spotify:user:,2021-07-21T15:35:04Z,"canadian pop,pop",0.654,0.76,0,-3.669,0,0.045,0.0797,0,0.299,0.41,99.945,4
5ghIJDpPoe3CfHMGu71E6T,"6olE6TJLqED3rqDCT0FyPh","Smells Like Teen Spirit","Nevermind (Remastered)","Nirvana",1991-09-26,301920,78,spotify:user:,2021-07-21T15:35:04Z,"alternative rock,grunge,permanent wave,rock",0.502,0.912,1,-4.556,1,0.0564,0.0000255,0.000173,0.106,0.72,116.761,4
7hQJA50XrCWABAu5v6QZ4i,"1dfeR4HaWDbWqFHLkxsg1d","Don't Stop Me Now - Remastered 2011","Jazz (Deluxe Remastered Version)","Queen",1978-11-10,209413,73,spotify:user:,2021-07-21T15:35:04Z,"classic rock,glam rock,rock",0.563,0.865,5,-5.277,1,0.16,0.0472,0.000191,0.77,0.601,156.271,4
7J1uxwnxfQLu4APicE5Rnj,"3fMbdgg4jU18AjLCKBhRSm","Billie Jean","Thriller","Michael Jackson",1982-11-30,294226,63,spotify:user:,2021-11-29T11:43:19Z,"pop,r&b,soul",0.932,0.457,11,-9.62,0,0.0541,0.0173,0.0436,0.0414,0.884,117.002,4
0azC730Exh71aQlOt9Zj3y,"7CajNmpbOovFoOoasH2HaY,5pKCCKE2ajJHZ9KAiaK11H","This Is What You Came For","This Is What You Came For","Calvin Harris,Rihanna",2016-04-29,222160,81,spotify:user:,2021-07-21T15:35:04Z,"dance pop,edm,electro house,house,pop,progressive house,uk dance,barbadian pop,urban contemporary",0.631,0.927,9,-2.787,0,0.0332,0.199,0.119,0.148,0.465,123.962,4
7sapKrjDij2fpDVj0GxP66,"04gDigrS5kc9YWfZHwBETP","She Will Be Loved","Songs About Jane","Maroon 5",2002-06-25,257133,73,spotify:user:,2022-05-19T20:33:08Z,"pop",0.706,0.713,0,-5.512,0,0.0301,0.0596,0,0.132,0.544,102.037,4
1i1fxkWeaMmKEB4T7zqbzK,"69GGBxA162lTqCwzJG5jLp,6Dd3NScHWwnW6obMFbl1BH","Don't Let Me Down","Don't Let Me Down","The Chainsmokers,Daya",2016-02-05,208373,79,spotify:user:,2021-07-21T15:35:04Z,"dance pop,edm,electropop,pop,pop dance,tropical house,alt z,post-teen pop",0.532,0.869,11,-5.094,1,0.172,0.157,0.00508,0.136,0.422,159.803,4
7GX5flRQZVHRAGd6B4TmDO,"4O15NlyKLIASxsJ0PrXPfz","XO Tour Llif3","Luv Is Rage 2","Lil Uzi Vert",2017-08-25,182706,82,spotify:user:,2021-07-21T15:35:04Z,"melodic rap,philly rap,rap,trap",0.732,0.75,11,-6.366,0,0.231,0.00264,0,0.109,0.401,155.096,4
6De0lHrwBfPfrhorm9q1Xl,"5H1nN1SzW0qNeUEZvuXjAj","Me Rehúso","Me Rehúso","Danny Ocean",2016-09-16,205714,76,spotify:user:,2021-07-21T15:35:04Z,"pop venezolano,reggaeton,trap latino",0.744,0.804,1,-6.327,1,0.0677,0.0231,0,0.0494,0.426,104.823,4
6YUTL4dYpB9xZO5qExPf05,"7CajNmpbOovFoOoasH2HaY","Summer","Motion","Calvin Harris",2014-10-31,222533,80,spotify:user:,2022-03-20T23:12:28Z,"dance pop,edm,electro house,house,pop,progressive house,uk dance",0.596,0.856,4,-3.556,0,0.0346,0.0211,0.0178,0.141,0.743,127.949,4
47BBI51FKFwOMlIiX6m8ya,"5rSXSAkZ67PYJSvpUpkOr7","I Want It That Way","Millennium","Backstreet Boys",1999-05-18,213306,80,spotify:user:,2022-09-05T19:16:24Z,"boy band,dance pop",0.689,0.694,6,-5.83,0,0.027,0.257,0,0.148,0.482,99.039,4
116H0KvKr2Zl4RPuVBruDO,"4q3ewBCX7sLwd24euuV69X,3TVXtAsR1Inumwj472S9r4","MIA (feat. Drake)","MIA (feat. Drake)","Bad Bunny,Drake",2018-10-11,210367,78,spotify:user:,2021-12-13T17:15:16Z,"reggaeton,trap latino,canadian hip hop,canadian pop,hip hop,rap,toronto rap",0.817,0.539,6,-6.349,0,0.0621,0.0141,0.000496,0.099,0.158,97.062,4
2ksOAxtIxY8yElEWw8RhgK,"2R21vXR83lH98kGeO99Y66,4VMYDCV2IEDYJArk749S6m,790FomKkXshlbRYZFtlgla,1vyhD5VmyZ7KMfW5gqLgo5,1i8SpTcr7yvPOmcqrbnVXY","China","China","Anuel AA,Daddy Yankee,KAROL G,J Balvin,Ozuna",2019-07-19,301714,75,spotify:user:,2022-09-16T18:21:20Z,"reggaeton,reggaeton flow,trap boricua,trap latino,latin hip hop,reggaeton colombiano,puerto rican pop",0.786,0.808,7,-3.702,1,0.0882,0.0846,0.000289,0.0822,0.609,105.027,4
3B54sVLJ402zGa6Xm4YGNe,"6vXTefBL93Dj5IqAWq6OTv,1zNqQNIdeOUZHb8zbZRFMX","Unforgettable","Jungle Rules","French Montana,Swae Lee",2017-07-14,233901,81,spotify:user:,2021-07-21T15:35:04Z,"gangster rap,hip hop,pop rap,rap,southern hip hop,trap,melodic rap",0.726,0.769,6,-5.043,1,0.123,0.0293,0.0101,0.104,0.733,97.985,4
3s4U7OHV7gnj42VV72eSZ6,"6MDME20pz9RveH9rEXvrOM,4ScCswdRlyA23odg9thgIO","Rather Be (feat. Jess Glynne)","Rather Be (feat. Jess Glynne)","Clean Bandit,Jess Glynne",2014-01-17,227833,71,spotify:user:,2022-04-07T14:48:05Z,"dance pop,edm,pop,pop dance,post-teen pop,tropical house,uk dance,uk funky,uk pop",0.799,0.586,11,-6.735,1,0.0377,0.162,0.00000203,0.193,0.549,120.97,4
6b8Be6ljOzmkOmFslEb23P,"0du5cEVh5yTK9QJze8zA0C","24K Magic","24K Magic","Bruno Mars",2016-11-17,225983,78,spotify:user:,2021-08-30T14:30:11Z,"dance pop,pop",0.818,0.803,1,-4.282,1,0.0797,0.034,0,0.153,0.632,106.97,4
12GEpg2XOPyqk03JZEZnJs,"23fqKkggKUBHNkbKtXEls4,0C8ZW7ezQVs4URX5aX7Kqx","It Ain’t Me (with Selena Gomez)","It Ain't Me","Kygo,Selena Gomez",2017-02-17,220780,66,spotify:user:,2021-07-21T15:35:04Z,"edm,pop,pop dance,tropical house,dance pop,post-teen pop",0.64,0.533,0,-6.596,1,0.0706,0.119,0,0.0864,0.515,99.968,4
1zB4vmk8tFRmM9UULNzbLB,"53XhwfbYqKCa1cC15pYq2q","Thunder","Evolve","Imagine Dragons",2017-06-23,187146,84,spotify:user:,2021-07-21T15:35:04Z,"modern rock,rock",0.605,0.822,0,-4.833,1,0.0438,0.00671,0.134,0.147,0.288,167.997,4
3cHyrEgdyYRjgJKSOiOtcS,"0TnOYISbd1XYRBk9myaseg,6LqNN22kT3074XbTVUrhzX","Timber (feat. Ke$ha)","Global Warming: Meltdown (Deluxe Version)","Pitbull,Kesha",2012,204160,80,spotify:user:,2022-06-13T13:09:43Z,"dance pop,miami hip hop,pop,pop rap,post-teen pop",0.581,0.963,11,-4.087,1,0.0981,0.0295,0,0.139,0.788,129.992,4
2xLMifQCjDGFmkHkpNLD9h,"0Y5tJX1MQlPlqiwlOH1tJY","SICKO MODE","ASTROWORLD","Travis Scott",2018-08-03,312820,82,spotify:user:,2021-07-21T15:35:04Z,"rap,slap house",0.834,0.73,8,-3.714,1,0.222,0.00513,0,0.124,0.446,155.008,4
1JSTJqkT5qHq8MDJnJbRE1,"5NGO30tJxFlKixkPSgXcFE","Every Breath You Take","Synchronicity (Remastered 2003)","The Police",1983-06-17,253920,85,spotify:user:,2021-10-20T15:29:33Z,"album rock,art rock,classic rock,permanent wave,rock",0.82,0.452,1,-9.796,1,0.0348,0.543,0.00294,0.0714,0.74,117.401,4
7KXjTSCq5nL1LoYtL7XAwS,"2YZyLoL8N0Wb9xBt1NhZWg","HUMBLE.","DAMN.","Kendrick Lamar",2017-04-14,177000,83,spotify:user:,2021-07-21T15:35:04Z,"conscious hip hop,hip hop,rap,west coast rap",0.908,0.621,1,-6.638,0,0.102,0.000282,0.0000539,0.0958,0.421,150.011,4
13HVjjWUZFaWilh2QUJKsP,"4EzkuveR9pLvDVFNx6foYD","Let It Go","Chaos And The Calm","James Bay",2014-12-15,260533,69,spotify:user:,2022-10-13T21:14:41Z,"neo mellow,pop",0.546,0.311,1,-10.396,1,0.0288,0.818,0.0000165,0.107,0.246,147.464,4
0ofHAoxe9vBkTCp2UQIavz,"08GQAI4eElDnROBrJRGE0X","Dreams - 2004 Remaster","Rumours (Super Deluxe)","Fleetwood Mac",1977-02-04,257800,82,spotify:user:,2022-06-27T03:26:21Z,"album rock,classic rock,rock,soft rock,yacht rock",0.828,0.492,0,-9.744,1,0.0276,0.0644,0.00428,0.128,0.789,120.151,4
5mCPDVBb16L4XQwDdbRUpz,"3TVXtAsR1Inumwj472S9r4","Passionfruit","More Life","Drake",2017-03-18,298940,82,spotify:user:,2021-12-13T17:15:16Z,"canadian hip hop,canadian pop,hip hop,rap,toronto rap",0.809,0.463,11,-11.377,1,0.0396,0.256,0.085,0.109,0.364,111.98,4
1EzrEOXmMH3G43AXT1y7pA,"4phGZZrJZRo4ElhRtViYdl","I'm Yours","We Sing. We Dance. We Steal Things.","Jason Mraz",2008-05-12,242946,79,spotify:user:,2021-07-21T15:35:04Z,"acoustic pop,neo mellow,pop,pop rock",0.703,0.444,11,-9.331,1,0.0417,0.559,0,0.0973,0.712,150.96,4
4ipnJyDU3Lq15qBAYNqlqK,"1vyhD5VmyZ7KMfW5gqLgo5,4RSyJzf7ef6Iu2rnLdabNq","Mi Gente","Mi Gente","J Balvin,Willy William",2017-06-30,189440,69,spotify:user:,2021-07-21T15:35:04Z,"reggaeton,reggaeton colombiano,trap latino,francoton",0.774,0.687,11,-4.818,0,0.0584,0.0179,0.0000117,0.128,0.308,104.959,4
7sO5G9EABYOXQKNPNiE9NR,"4DdkRBBYG6Yk9Ka8tdJ9BW,0iEtIxbK0KxaSlF7G42ZOp","Ric Flair Drip (with Metro Boomin)","Without Warning","Offset,Metro Boomin",2017-10-30,172800,82,spotify:user:,2022-05-16T14:52:38Z,"atl hip hop,hip hop,pop rap,rap,southern hip hop,trap",0.88,0.428,9,-8.28,1,0.206,0.149,0.0000505,0.114,0.333,100.007,4
1X1DWw2pcNZ8zSub3uhlNz,"3AQRLZ9PuTAozP28Skbq8V,085pc2PYOi8bGKj0PNjekA","Hall of Fame (feat. will.i.am)","#3","The Script,will.i.am",2012-09-10,202533,68,spotify:user:,2022-07-25T14:35:36Z,"celtic rock,neo mellow,pop,pop rock,dance pop,pop rap",0.421,0.873,10,-4.343,1,0.0564,0.0654,0,0.123,0.629,84.786,4
78QR3Wp35dqAhFEc2qAGjE,"5f7VJjfbwm532GiveGC0ZK,2hlmm7s2ICUX0LVIhVFlZQ","Drip Too Hard (Lil Baby & Gunna)","Drip Harder","Lil Baby,Gunna",2018-10-05,145542,84,spotify:user:,2022-08-08T13:25:43Z,"atl hip hop,atl trap,rap,trap,melodic rap",0.897,0.662,1,-6.903,0,0.292,0.0852,0,0.534,0.389,112.511,4
2WfaOiMkCvy7F5fcp2zZ8L,"2jzc5TC5TVFLXQlBNiIUzE","Take on Me","Hunting High and Low","a-ha",1985-06-01,225280,85,spotify:user:,2021-11-30T19:56:30Z,"new romantic,new wave,new wave pop,permanent wave,soft rock,synthpop",0.573,0.902,6,-7.638,0,0.054,0.018,0.00125,0.0928,0.876,84.412,4
2XU0oxnq2qxCpomAAuJY8K,"2NjfBq1NflQcKSeiDooVjY","Dance Monkey","Dance Monkey (Stripped Back) / Dance Monkey","Tones And I",2019-10-17,209438,77,spotify:user:,2021-07-21T15:35:04Z,"australian pop,pop",0.824,0.588,6,-6.4,0,0.0924,0.692,0.000104,0.149,0.513,98.027,4
2cYqizR4lgvp4Qu6IQ3qGN,"0Y5tJX1MQlPlqiwlOH1tJY","BUTTERFLY EFFECT","ASTROWORLD","Travis Scott",2018-08-03,190557,78,spotify:user:,2022-07-04T15:38:00Z,"rap,slap house",0.763,0.628,11,-5.85,1,0.05,0.0531,0,0.114,0.193,140.958,4
3V8UKqhEK5zBkBb6d6ub8i,"5hdhHgpxyniooUiQVaPxQ0,1fux65HMCBvfJHqlBc4Nno,4q3ewBCX7sLwd24euuV69X,1TtXnWcUs0FCkaZDPGYHdf,1i8SpTcr7yvPOmcqrbnVXY,1SupJlEpv7RS2tPNRaHViT","Te Boté - Remix","Te Boté (Remix)","Nio Garcia,Casper Magico,Bad Bunny,Darell,Ozuna,Nicky Jam",2018-04-13,417920,77,spotify:user:,2022-09-29T20:09:06Z,"reggaeton,trap latino,reggaeton flow,latin hip hop,puerto rican pop",0.903,0.675,11,-3.445,0,0.214,0.542,0.0000128,0.0595,0.442,96.507,4
1zi7xx7UVEFkmKfv06H8x0,"3TVXtAsR1Inumwj472S9r4,3tVQdUvClmAT7URs9V3rsp,77DAFfvm3O9zT5dIoG0eIO","One Dance","Views","Drake,Wizkid,Kyla",2016-05-06,173986,85,spotify:user:,2021-07-21T15:35:04Z,"canadian hip hop,canadian pop,hip hop,rap,toronto rap,afro dancehall,afropop,azonto,nigerian hip hop,nigerian pop,uk funky",0.792,0.625,1,-5.609,1,0.0536,0.00776,0.0018,0.329,0.37,103.967,4
3ERa3mEeOnrh2Mc47qM6T1,"6vWDO969PvNqNYHIOW5v0m","Halo","I AM...SASHA FIERCE","Beyoncé",2008-11-14,261640,63,spotify:user:,2021-08-09T15:13:22Z,"dance pop,pop,r&b",0.508,0.72,11,-5.908,0,0.0628,0.272,0,0.0563,0.472,79.983,4
5w9c2J52mkdntKOmRLeM2m,"4VMYDCV2IEDYJArk749S6m,3uZFBSsMiooimnprFL9jD1","Con Calma","Con Calma","Daddy Yankee,Snow",2019-01-24,193226,78,spotify:user:,2021-08-26T16:20:42Z,"latin hip hop,reggaeton,trap latino,canadian old school hip hop,reggae fusion",0.737,0.86,8,-2.652,0,0.0593,0.11,0.00000194,0.0574,0.656,93.989,4
6vECYJHxYmm3Ydt3fF01pE,"1hzfo8twXdOegF3xireCYs","Stolen Dance","Sadnecessary","Milky Chance",2014-06-20,313684,73,spotify:user:,2022-07-13T04:00:38Z,"german pop",0.885,0.581,11,-8.813,1,0.0378,0.427,0.000204,0.0759,0.728,114.016,4
0lHAMNU8RGiIObScrsRgmP,"1Cs0zKBU1kc0i8ypK3B9ai,5WUlDfRSoLAfcVSX1WnrxN","Titanium (feat. Sia)","Nothing but the Beat 2.0","David Guetta,Sia",2011-08-24,245040,68,spotify:user:,2021-09-01T17:21:44Z,"big room,dance pop,edm,pop,pop dance,australian dance,australian pop",0.604,0.788,0,-3.673,0,0.103,0.0678,0.153,0.127,0.301,126.06,4
2nLtzopw4rPReszdYBJU6h,"6XyY86QOPPrYVGvF9ch6wz","Numb","Meteora","Linkin Park",2003-03-24,185586,83,spotify:user:,2022-03-18T21:22:36Z,"alternative metal,nu metal,post-grunge,rap metal",0.496,0.863,9,-4.153,1,0.0381,0.0046,0,0.639,0.243,110.018,4
3ZFTkvIE7kyPt6Nu3PEa7V,"0EmeFodog0BfCgMzAIvKQp,7aBzpmFXB4WWpPl2F7RjBe","Hips Don't Lie (feat. Wyclef Jean)","Oral Fixation, Vol. 2 (Expanded Edition)","Shakira,Wyclef Jean",2005-11-28,218093,83,spotify:user:,2022-06-01T17:38:18Z,"colombian pop,dance pop,latin pop,rap kreyol",0.778,0.824,10,-5.892,0,0.0707,0.284,0,0.405,0.758,100.024,4
08mG3Y1vljYA6bvDt4Wqkj,"711MCceyCBcFnzjGY4Q7Un","Back In Black","Back In Black","AC/DC",1980-07-25,255493,83,spotify:user:,2022-04-27T05:06:31Z,"australian rock,hard rock,rock",0.31,0.7,9,-5.678,1,0.047,0.011,0.00965,0.0828,0.763,188.386,4
4G8gkOterJn0Ywt6uhqbhp,"53XhwfbYqKCa1cC15pYq2q","Radioactive","Night Visions","Imagine Dragons",2012-09-04,186813,72,spotify:user:,2021-07-21T15:35:04Z,"modern rock,rock",0.448,0.784,9,-3.686,1,0.0627,0.106,0.000108,0.668,0.236,136.245,4
32OlwWuMpZ6b0aN2RZOeMS,"3hv9jJF3adDNsBSIQDqcjp,0du5cEVh5yTK9QJze8zA0C","Uptown Funk (feat. Bruno Mars)","Uptown Special","Mark Ronson,Bruno Mars",2015-01-12,269666,82,spotify:user:,2021-07-21T15:35:04Z,"dance pop,pop",0.856,0.609,0,-7.223,1,0.0824,0.00801,0.0000815,0.0344,0.928,114.988,4
7w87IxuO7BDcJ3YUqCyMTT,"7gP3bB2nilZXLfPHJhMdvc","Pumped Up Kicks","Torches","Foster The People",2011-05-23,239600,82,spotify:user:,2021-07-21T15:35:04Z,"indietronica,modern rock,rock",0.733,0.71,5,-5.849,0,0.0292,0.145,0.115,0.0956,0.965,127.975,4
2YpeDb67231RjR0MgVLzsG,"7jVv8c5Fj3E9VhNjxT4snq,60rpJ9SgigSd16DOAG7GSa","Old Town Road - Remix","7 EP","Lil Nas X,Billy Ray Cyrus",2019-06-21,157066,77,spotify:user:,2021-07-21T15:35:04Z,"lgbtq+ hip hop,pop,country,country rock",0.878,0.619,6,-5.56,1,0.102,0.0533,0,0.113,0.639,136.041,4
4HlFJV71xXKIGcU3kRyttv,"3FUY2gzHeIiaesXtOAdB7A","Hey, Soul Sister","Save Me, San Francisco (Golden Gate Edition)","Train",2010-12-01,216773,81,spotify:user:,2022-04-04T19:04:36Z,"dance pop,neo mellow,pop,pop rock",0.673,0.886,1,-4.44,0,0.0431,0.185,0,0.0826,0.795,97.012,4
72TFWvU3wUYdUuxejTTIzt,"5pKCCKE2ajJHZ9KAiaK11H,3TVXtAsR1Inumwj472S9r4","Work","ANTI (Deluxe)","Rihanna,Drake",2016-01-28,219320,75,spotify:user:,2021-07-21T15:35:04Z,"barbadian pop,dance pop,pop,urban contemporary,canadian hip hop,canadian pop,hip hop,rap,toronto rap",0.725,0.534,11,-6.238,1,0.0946,0.0752,0,0.0919,0.558,91.974,4
6habFhsOp2NvshLv26DqMb,"4V8Sr092TqfHkfAA5fXXqG,4VMYDCV2IEDYJArk749S6m","Despacito","VIDA","Luis Fonsi,Daddy Yankee",2019-02-01,229360,79,spotify:user:,2021-07-21T15:35:04Z,"latin pop,puerto rican pop,latin hip hop,reggaeton,trap latino",0.655,0.797,2,-4.787,1,0.153,0.198,0,0.067,0.839,177.928,4
6DCZcSspjsKoFjzjrWoCdn,"3TVXtAsR1Inumwj472S9r4","God's Plan","Scorpion","Drake",2018-06-29,198973,83,spotify:user:,2021-07-21T15:35:04Z,"canadian hip hop,canadian pop,hip hop,rap,toronto rap",0.754,0.449,7,-9.211,1,0.109,0.0332,0.0000829,0.552,0.357,77.169,4
1Lim1Py7xBgbAkAys3AGAG,"738wLrAtLtCtFOLvQBXOXp,0bdfiayQAKewqEvaU6rXCv,540vIaP2JwjQb9dm3aArA4","Lean On","Peace Is The Mission (Extended)","Major Lazer,MØ,DJ Snake",2015-11-27,176561,72,spotify:user:,2021-07-21T15:35:04Z,"dance pop,edm,electro house,moombahton,pop,pop dance,pop rap,tropical house,danish pop,electropop,electronic trap",0.723,0.809,7,-3.081,0,0.0625,0.00346,0.00123,0.565,0.274,98.007,4
15JINEqzVMv3SvJTAXAKED,"7dGJo4pcD2V6oG8kP0tJRR,5pKCCKE2ajJHZ9KAiaK11H","Love The Way You Lie","Recovery","Eminem,Rihanna",2010-06-18,263373,82,spotify:user:,2022-07-13T04:00:38Z,"detroit hip hop,hip hop,rap,barbadian pop,dance pop,pop,urban contemporary",0.749,0.925,10,-5.034,1,0.227,0.241,0,0.52,0.641,86.989,4
0nrRP2bk19rLc0orkWPQk2,"1vCWHaC5f2uS3yhpwWbIA6","Wake Me Up","True","Avicii",2013-01-01,247426,84,spotify:user:,2021-07-21T15:35:04Z,"dance pop,edm,pop,pop dance,pop rap",0.532,0.783,2,-5.697,1,0.0523,0.0038,0.0012,0.161,0.643,124.08,4
60nZcImufyMA1MKQY3dcCH,"2RdwBSPQiwcmiDo9kixcl8","Happy - From Despicable Me 2","G I R L","Pharrell Williams",2014-03-03,232720,80,spotify:user:,2022-02-15T15:28:10Z,"hip hop,pop,pop rap",0.647,0.822,5,-4.662,0,0.183,0.219,0,0.0908,0.962,160.019,4
1jYiIOC5d6soxkJP81fxq2,"0QHgL1lAIqAw0HtD7YldmP,1uNFoZAHBGtllmzznpCI3s,0VRj0yCOv2FXJNP47XQnx5,1anyVhU62p31KFi8MEzkbf,55Aa2cqylxrFIXC767Z865","I'm the One (feat. Justin Bieber, Quavo, Chance the Rapper & Lil Wayne)","Grateful","DJ Khaled,Justin Bieber,Quavo,Chance the Rapper,Lil Wayne",2017-06-22,288876,63,spotify:user:,2021-07-21T15:35:04Z,"hip hop,miami hip hop,pop rap,rap,southern hip hop,trap,canadian pop,pop,atl hip hop,melodic rap,chicago rap,conscious hip hop,new orleans rap",0.599,0.667,7,-4.267,1,0.0367,0.0533,0,0.134,0.817,80.984,4
0wwPcA6wtMf6HUMpIRdeP7,"3TVXtAsR1Inumwj472S9r4","Hotline Bling","Views","Drake",2016-05-06,267066,77,spotify:user:,2021-08-31T04:00:00Z,"canadian hip hop,canadian pop,hip hop,rap,toronto rap",0.891,0.628,2,-7.863,1,0.0551,0.00258,0.00019,0.0504,0.552,134.966,4
2zYzyRzz6pRmhPzyfMEC8s,"711MCceyCBcFnzjGY4Q7Un","Highway to Hell","Highway to Hell","AC/DC",1979-07-27,208400,84,spotify:user:,2022-06-28T16:07:33Z,"australian rock,hard rock,rock",0.574,0.913,6,-4.793,0,0.133,0.061,0.00158,0.156,0.423,115.728,4
0VgkVdmE4gld66l8iyGjgx,"1RyvyyTE3xzB2ZywiAwp0i","Mask Off","FUTURE","Future",2017-06-30,204600,82,spotify:user:,2021-07-21T15:35:04Z,"atl hip hop,rap,southern hip hop,trap",0.833,0.434,2,-8.795,1,0.431,0.0102,0.0219,0.165,0.281,150.062,4
003vvx7Niy0yvhvHt4a68B,"0C0XlULifJtAgn6ZNCW2eu","Mr. Brightside","Hot Fuss","The Killers",2004,222973,85,spotify:user:,2021-07-21T15:35:04Z,"alternative rock,dance rock,permanent wave",0.352,0.911,1,-5.23,1,0.0747,0.00121,0,0.0995,0.236,148.033,4
1WkMMavIMc4JZ8cfMmxHkI,"31TPClRtHm23RisEBtV3X7","CAN'T STOP THE FEELING! (from DreamWorks Animation's TROLLS)","TROLLS (Original Motion Picture Soundtrack)","Justin Timberlake",2016-09-23,237546,72,spotify:user:,2021-07-21T15:35:04Z,"dance pop,pop",0.669,0.832,0,-5.721,1,0.0682,0.0106,0,0.0968,0.7,113.035,4
500mvzh7TRZ0YdnVeHhj8b,"738wLrAtLtCtFOLvQBXOXp,4VZY0nxYMSNotbS7WjNVQy,374sWpAJsbZckf98df2jJJ","Light It Up - Remix","Peace Is The Mission (Extended)","Major Lazer,Nyla,Fuse ODG",2015-11-27,166138,66,spotify:user:,2021-08-10T10:00:00Z,"dance pop,edm,electro house,moombahton,pop,pop dance,pop rap,tropical house,afro dancehall,azonto",0.747,0.877,9,-3.782,0,0.0664,0.0375,0.000833,0.233,0.752,107.991,4
1DIXPcTDzTj8ZMHt3PDt8p,"3y24n3XhZ96wgwRXjvS17T,2LhsePRtgCo4THVKULQBL7","Gangsta's Paradise","Gangsta's Paradise","Coolio,L.V.",1995-11-07,240693,87,spotify:user:,2022-08-29T20:29:42Z,"g funk,gangster rap,hip hop,rap,west coast rap",0.647,0.514,8,-10.05,1,0.0593,0.0655,0,0.398,0.386,79.975,4
2tnVG71enUj33Ic2nFN6kZ,"4ofCBoyEiGSePFAG500xev","Ride It","Ride It","Regard",2019-07-26,157605,79,spotify:user:,2022-03-03T17:42:01Z,"dance pop,edm,electro house,pop,pop dance,pop edm,slap house,tropical house",0.88,0.751,7,-4.258,0,0.0874,0.177,0.0000643,0.106,0.884,117.948,4
5yY9lUy8nbvjM1Uyo1Uqoc,"1RyvyyTE3xzB2ZywiAwp0i,3TVXtAsR1Inumwj472S9r4","Life Is Good (feat. Drake)","Life Is Good (feat. Drake)","Future,Drake",2020-01-10,237735,76,spotify:user:,2022-10-11T23:18:29Z,"atl hip hop,rap,southern hip hop,trap,canadian hip hop,canadian pop,hip hop,toronto rap",0.676,0.609,2,-5.831,0,0.481,0.0706,0,0.152,0.508,142.037,4
023OVLNzXhX0j7CxswUt6D,"5MouCg6ta7zAxsfMEbc1uh","Cheerleader - Felix Jaehn Remix Radio Edit","Me 4 U","OMI",2015-10-16,180560,66,spotify:user:,2021-07-21T15:35:04Z,"dance pop",0.78,0.68,4,-6.081,1,0.0305,0.141,0.000012,0.138,0.594,118.026,4
1mSClObliRtgPVT399COQH,"1dfeR4HaWDbWqFHLkxsg1d,0oSGxfWSnnOXhD2fKuz2Gy","Under Pressure","Hot Space","Queen,David Bowie",1982-05-03,245506,58,spotify:user:,2021-11-04T20:15:37Z,"classic rock,glam rock,rock,album rock,art rock,permanent wave",0.659,0.545,2,-12.768,1,0.0514,0.394,0,0.0859,0.406,113.458,4
2Wo6QQD1KMDWeFkkjLqwx5,"0H39MdGGX6dbnnQPt6NQkZ,5rGrDvrLOV2VV8SCFVGWlj","Roses - Imanbek Remix","Roses (Imanbek Remix)","SAINt JHN,Imanbek",2019-09-13,176218,58,spotify:user:,2021-07-21T15:35:04Z,"melodic rap,rap,slap house,dance pop,edm,electro house,pop dance,tropical house",0.785,0.721,8,-5.457,1,0.0506,0.0149,0.00432,0.285,0.894,121.962,4
60a0Rd6pjrkxjPbaKzXjfq,"6XyY86QOPPrYVGvF9ch6wz","In the End","Hybrid Theory (Bonus Edition)","Linkin Park",2000-10-24,216880,84,spotify:user:,2021-07-21T15:35:04Z,"alternative metal,nu metal,post-grunge,rap metal",0.556,0.864,3,-5.87,0,0.0584,0.00958,0,0.209,0.4,105.143,4
2grjqo0Frpf2okIBiifQKs,"4QQgXkCYTt3BlENzhyNETg","September","The Best Of Earth, Wind & Fire Vol. 1","Earth, Wind & Fire",1978-11-23,215093,81,spotify:user:,2022-03-07T19:54:48Z,"disco,funk,jazz funk,quiet storm,soul",0.697,0.832,9,-7.264,1,0.0298,0.168,0.00131,0.269,0.979,125.926,4
5iwz1NiezX7WWjnCgY5TH4,"4QVBYiagIaa6ZGSPMbybpy,329e4yvIujISKGKz1BZZbO","Calma - Remix","Calma (Remix)","Pedro Capó,Farruko",2018-10-05,238200,73,spotify:user:,2022-06-08T17:40:04Z,"latin pop,puerto rican pop,latin hip hop,reggaeton,trap latino",0.826,0.773,11,-4.218,0,0.0524,0.323,0,0.143,0.761,126.899,4
3bidbhpOYeV4knp8AIu8Xn,"5BcAKTbp20cv7tC5VqPFoC,3JhNCzhSMTxs9WLGJJxWOY,4myTppRgh0rojLxx8RycOp,4e0nWw2r4BoQSKPQ2zpU13","Can't Hold Us (feat. Ray Dalton)","The Heist","Macklemore & Ryan Lewis,Macklemore,Ryan Lewis,Ray Dalton",2012-10-09,258342,81,spotify:user:,2021-07-21T15:35:04Z,"dance pop,pop,pop rap,seattle hip hop",0.641,0.922,2,-4.457,1,0.0786,0.0291,0,0.0862,0.847,146.078,4
7ytR5pFWmSjzHJIeQkgog4,"4r63FhuTkUYltbVAg5TQnk,757aE44tKEUQEqRuT6GnEB","ROCKSTAR (feat. Roddy Ricch)","BLAME IT ON BABY","DaBaby,Roddy Ricch",2020-04-17,181733,79,spotify:user:,2021-07-21T15:35:04Z,"north carolina hip hop,rap,trap,melodic rap",0.746,0.69,11,-7.956,1,0.164,0.247,0,0.101,0.497,89.977,4
6QgjcU0zLnzq5OrUoSZ3OK,"4kI8Ie27vjvonwaB2ePh8T","Feel It Still","Woodstock","Portugal. The Man",2017-06-16,163253,76,spotify:user:,2022-02-28T18:46:23Z,"indie rock,modern rock,rock",0.801,0.795,1,-5.115,0,0.0504,0.0417,0.000113,0.0717,0.754,79.028,4
0h1W19pS59KtEd7aDzF58i,"3TVXtAsR1Inumwj472S9r4","In My Feelings","Scorpion","Drake",2018-06-29,217925,50,spotify:user:,2021-07-21T15:35:04Z,"canadian hip hop,canadian pop,hip hop,rap,toronto rap",0.833,0.619,8,-5.822,1,0.0971,0.0496,0.0000867,0.3,0.366,91.022,4
4xkOaSrkexMciUUogZKVTS,"7dGJo4pcD2V6oG8kP0tJRR,1Oa0bMld0A3u5OTYfMzp5h","Till I Collapse","The Eminem Show","Eminem,Nate Dogg",2002-05-26,297786,85,spotify:user:,2021-07-21T15:35:04Z,"detroit hip hop,hip hop,rap,g funk,gangster rap,pop rap,west coast rap",0.548,0.847,1,-3.237,1,0.186,0.0622,0,0.0816,0.1,171.447,4
2a1o6ZejUi8U3wzzOtCOYw,"33ScadVnbm2X8kkUqOkC6Z,5bv5RplEOwdCvhq0EILh9E","Danza Kuduro","Meet The Orphans","Don Omar,Lucenzo",2010-01-01,198773,78,spotify:user:,2022-10-03T15:16:25Z,"latin hip hop,puerto rican pop,reggaeton,trap latino,francoton,french pop",0.4,0.915,0,-4.89,1,0.28,0.0846,0,0.0503,0.878,88.917,3
1qPbGZqppFwLwcBC1JQ6Vr,"2DaxqgrOhkeH0fpeiQq2f4","Wonderwall","(What's The Story) Morning Glory?","Oasis",1995-10-02,258906,71,spotify:user:,2021-07-21T15:35:04Z,"beatlesque,britpop,madchester,permanent wave,pop rock,rock",0.41,0.854,2,-5.609,1,0.0366,0.00236,0,0.133,0.456,174.584,4
2toVe5hfuIi97ytDPDbQFt,"5LHRHt1k9lMyONurDHEdrp,4DdkRBBYG6Yk9Ka8tdJ9BW","Taste (feat. Offset)","Legendary","Tyga,Offset",2019-06-07,229210,72,spotify:user:,2021-07-21T15:35:04Z,"dance pop,hip hop,pop rap,rap,southern hip hop,trap,atl hip hop",0.866,0.613,0,-6.385,1,0.151,0.0293,0,0.104,0.359,98.001,4
1MtUq6Wp1eQ8PC6BbPCj8P,"2KsP6tYLJlTBvSUxnwlVWa,5iNrZmtVMtYev5M9yoWpEq","I Took A Pill In Ibiza - Seeb Remix","At Night, Alone.","Mike Posner,Seeb",2016-05-06,197933,72,spotify:user:,2021-07-21T15:35:04Z,"dance pop,edm,pop,pop rap,electro house,electropop,norwegian pop,pop dance,pop edm,tropical house",0.664,0.714,7,-6.645,0,0.111,0.0353,0.00000842,0.0843,0.71,101.969,4
6rPO02ozF3bM7NnOV4h6s2,"4V8Sr092TqfHkfAA5fXXqG,4VMYDCV2IEDYJArk749S6m,1uNFoZAHBGtllmzznpCI3s","Despacito - Remix","Despacito Feat. Justin Bieber (Remix)","Luis Fonsi,Daddy Yankee,Justin Bieber",2017-04-17,228826,71,spotify:user:,2021-07-21T15:35:04Z,"latin pop,puerto rican pop,latin hip hop,reggaeton,trap latino,canadian pop,pop",0.653,0.816,2,-4.353,1,0.167,0.228,0,0.0967,0.816,178.085,4
5HQVUIKwCEXpe7JIHyY734,"7hJcb9fa4alzcOq3EaNPoG,137W8MRPWKqSmrBGDBFSop,0du5cEVh5yTK9QJze8zA0C","Young, Wild & Free (feat. Bruno Mars)","Young, Wild & Free (feat. Bruno Mars)","Snoop Dogg,Wiz Khalifa,Bruno Mars",2011-10-11,207333,77,spotify:user:,2022-05-09T13:39:11Z,"g funk,gangster rap,hip hop,pop rap,rap,west coast rap,dance pop,pittsburgh rap,southern hip hop,trap,pop",0.715,0.655,0,-6.425,1,0.137,0.0525,0,0.115,0.531,95.078,4
40riOy7x9W7GXjyGp4pjAv,"0ECwFtbIWEVNwjlrfc6xoL","Hotel California - 2013 Remaster","Hotel California (2013 Remaster)","Eagles",1976-12-08,391376,83,spotify:user:,2022-02-28T18:46:23Z,"album rock,classic rock,country rock,folk rock,heartland rock,mellow gold,rock,singer-songwriter,soft rock,yacht rock",0.579,0.508,2,-9.484,1,0.027,0.00574,0.000494,0.0575,0.609,147.125,4
5tf1VVWniHgryyumXyJM7w,"3t5xRXzsuZmMDkQzgOX35S,5X1JzPIIonP3u9lA580pPT","Sugar (feat. Francesco Yates)","Sugar","Robin Schulz,Francesco Yates",2015-09-25,219043,76,spotify:user:,2022-08-15T19:24:02Z,"dance pop,deep euro house,deep house,edm,german dance,pop,pop dance,tropical house,canadian pop",0.636,0.815,5,-5.098,0,0.0581,0.0185,0,0.163,0.636,123.063,4
37ZJ0p5Jm13JPevGcx4SkF,"58lV9VcRSjABbAbfWS6skp","Livin' On A Prayer","Slippery When Wet","Bon Jovi",1986-08-16,249293,84,spotify:user:,2022-07-25T14:35:36Z,"glam metal,rock",0.532,0.887,0,-3.757,1,0.0335,0.0778,0.000214,0.294,0.795,122.511,4
4Li2WHPkuyCdtmokzW2007,"3nFkdlSjzX9mRTtwJOzDYB,5K4W6rqBFWDnAN6FQUkS6x","Ni**as In Paris","Watch The Throne (Deluxe)","JAY-Z,Kanye West",2011-08-08,219333,83,spotify:user:,2022-11-14T20:37:53Z,"east coast hip hop,hip hop,rap,chicago rap",0.789,0.858,1,-5.542,1,0.311,0.127,0,0.349,0.775,140.022,4
0E9ZjEAyAwOXZ7wJC0PD33,"3v6Ji4uoWtKRkhuDUaxi9n,1OAjDaKgg00KCUYqDe68un","In My Mind","In My Mind","Dynoro,Gigi D'Agostino",2018-06-08,184560,78,spotify:user:,2021-07-21T15:35:04Z,"edm,electro house,pop dance,tropical house,eurodance,europop,italo dance",0.694,0.77,6,-5.335,1,0.149,0.176,0.000011,0.118,0.163,125.905,4
5YEOzOojehCqxGQCcQiyR4,"7pFeBzX627ff0VnN6bxPR4","Panda","New English","Desiigner",2016-06-26,246761,69,spotify:user:,2021-09-07T16:36:49Z,"pop rap,rap,southern hip hop,trap,viral trap",0.576,0.766,10,-4.943,0,0.449,0.028,0.00000168,0.366,0.236,144.833,4
503OTo2dSqe7qk76rgsbep,"6DPYiyq5kWVQS4RGwxzPC7,7hJcb9fa4alzcOq3EaNPoG","Still D.R.E.","2001","Dr. Dre,Snoop Dogg",1999-11-16,270586,83,spotify:user:,2022-09-25T22:14:03Z,"g funk,gangster rap,hip hop,rap,west coast rap,pop rap",0.816,0.775,11,-3.323,1,0.234,0.16,0.00031,0.0543,0.527,93.431,4
48UPSzbZjgc449aqz8bxox,"0L8ExT028jH3ddEcZwqJJ5","Californication","Californication (Deluxe Edition)","Red Hot Chili Peppers",1999-06-08,329733,81,spotify:user:,2022-10-14T18:21:05Z,"alternative rock,funk metal,funk rock,permanent wave,rock",0.592,0.767,9,-2.788,0,0.027,0.0021,0.00165,0.127,0.328,96.483,4
1gudTcOiMosmCC6EKEzomI,"5K4W6rqBFWDnAN6FQUkS6x","Stronger","Graduation","Kanye West",2007-09-11,312026,55,spotify:user:,2022-05-18T16:55:07Z,"chicago rap,rap",0.617,0.708,1,-7.873,1,0.15,0.00651,0,0.404,0.462,103.96,4
3dPQuX8Gs42Y7b454ybpMR,"4F84IBURUo98rz4r61KF70","Seven Nation Army","Elephant","The White Stripes",2003-04-01,232106,83,spotify:user:,2022-02-08T17:47:05Z,"alternative rock,blues rock,detroit rock,garage rock,modern blues rock,modern rock,permanent wave,punk blues,rock",0.743,0.446,4,-7.807,0,0.0683,0.0039,0.118,0.337,0.278,123.596,4
57bgtoPSgt236HzfBOd8kj,"711MCceyCBcFnzjGY4Q7Un","Thunderstruck","The Razors Edge","AC/DC",1990-09-24,292880,83,spotify:user:,2022-09-12T15:32:40Z,"australian rock,hard rock,rock",0.502,0.89,4,-5.175,1,0.0364,0.000147,0.0117,0.217,0.259,133.52,4
2374M0fQpWi3dLnB54qaLX,"0PFtn5NtBbbUNbU9EAmIWF","Africa","Toto IV","TOTO",1982-04-08,295893,82,spotify:user:,2021-07-21T15:35:04Z,"album rock,classic rock,mellow gold,soft rock,yacht rock",0.671,0.373,9,-18.064,1,0.0323,0.257,0.0000801,0.0481,0.732,92.718,4
0ntQJM78wzOLVeCUAW7Y45,"2qk9voo8llSGYcZ6xrBzKx","Sex on Fire","Only By The Night","Kings of Leon",2008-09-23,203346,81,spotify:user:,2022-11-11T21:59:37Z,"modern rock,rock",0.542,0.905,9,-5.653,1,0.054,0.00172,0.0104,0.136,0.374,153.398,4
3d9DChrdc6BOeFsbrZ3Is0,"0L8ExT028jH3ddEcZwqJJ5","Under the Bridge","Blood Sugar Sex Magik (Deluxe Edition)","Red Hot Chili Peppers",1991-09-24,264306,81,spotify:user:,2022-09-27T16:43:47Z,"alternative rock,funk metal,funk rock,permanent wave,rock",0.559,0.345,4,-13.496,1,0.0459,0.0576,0.000105,0.141,0.458,84.581,4
4bHsxqR3GMrXTxEPLuK5ue,"0rvjqX7ttXeg3mTy8Xscbt","Don't Stop Believin'","Escape (Bonus Track Version)","Journey",1981,250986,82,spotify:user:,2021-07-21T15:35:04Z,"album rock,classic rock,hard rock,mellow gold,rock,soft rock",0.5,0.748,4,-9.072,1,0.0363,0.127,0,0.447,0.514,118.852,4
7e89621JPkKaeDSTQ3avtg,"4MVyzYMgTwdP7Z49wAZHx0","Sweet Home Alabama","Second Helping (Expanded Edition)","Lynyrd Skynyrd",1974-04-15,283800,80,spotify:user:,2022-11-07T19:39:29Z,"album rock,blues rock,classic rock,country rock,hard rock,mellow gold,rock,southern rock",0.596,0.605,7,-12.145,1,0.0255,0.181,0.000331,0.0863,0.886,97.798,4
2qT1uLXPVPzGgFOx4jtEuo,"66CXWjxzNUsdJxJ2JdwvnR","no tears left to cry","Sweetener","Ariana Grande",2018-08-17,205920,77,spotify:user:,2021-07-21T15:35:04Z,"dance pop,pop",0.699,0.713,9,-5.507,0,0.0594,0.04,0.00000311,0.294,0.354,121.993,4
43bCmCI0nSgcT7QdMXY6LV,"66CXWjxzNUsdJxJ2JdwvnR,0hCNtLu0JehylgoiP8L4Gh","Side To Side","Dangerous Woman","Ariana Grande,Nicki Minaj",2016-05-20,226160,67,spotify:user:,2021-07-21T15:35:04Z,"dance pop,pop,hip pop,queens hip hop,rap",0.65,0.736,6,-5.84,0,0.229,0.0528,0,0.235,0.613,159.173,4
7MXVkk9YMctZqd1Srtv4MB,"1Xyo4u8uXC1ZmMpatF05PJ,4tZwfgrHOc3mvqYlEYSvVi","Starboy","Starboy","The Weeknd,Daft Punk",2016-11-25,230453,89,spotify:user:,2021-07-21T15:35:04Z,"canadian contemporary r&b,canadian pop,pop,electro,filter house",0.679,0.587,7,-7.015,1,0.276,0.141,0.00000635,0.137,0.486,186.003,4
0JP9xo3adEtGSdUEISiszL,"15UsOTVnJzReFVN1VCnxy4","Moonlight","?","XXXTENTACION",2018-03-16,135090,82,spotify:user:,2021-07-21T15:35:04Z,"emo rap,miami hip hop",0.921,0.537,9,-5.723,0,0.0804,0.556,0.00404,0.102,0.711,128.009,4
0VjIjW4GlUZAMYd2vXMi3b,"1Xyo4u8uXC1ZmMpatF05PJ","Blinding Lights","After Hours","The Weeknd",2020-03-20,200040,90,spotify:user:,2021-07-21T15:35:04Z,"canadian contemporary r&b,canadian pop,pop",0.514,0.73,1,-5.934,1,0.0598,0.00146,0.0000954,0.0897,0.334,171.005,4
4evmHXcjt3bTUHD1cvny97,"6eUKZXaKkcviH0Ku9w2n3V,6LuN9FCkKOj5PcnpouEgny","Beautiful People (feat. Khalid)","Beautiful People (feat. Khalid)","Ed Sheeran,Khalid",2019-06-28,197866,74,spotify:user:,2021-07-21T15:35:04Z,"pop,uk pop,pop r&b",0.64,0.648,5,-8.113,0,0.187,0.124,0,0.0802,0.548,92.977,4
3HVWdVOQ0ZA45FuZGSfvns,"6eUKZXaKkcviH0Ku9w2n3V,1uNFoZAHBGtllmzznpCI3s","I Don't Care (with Justin Bieber)","I Don't Care (with Justin Bieber)","Ed Sheeran,Justin Bieber",2019-05-10,219946,77,spotify:user:,2021-07-21T15:35:04Z,"pop,uk pop,canadian pop",0.798,0.675,6,-5.041,1,0.0442,0.0912,0,0.0894,0.842,101.956,4
7floNISpH8VF4z4459Qo18,"15UsOTVnJzReFVN1VCnxy4","Look At Me!","Look At Me!","XXXTENTACION",2017-02-20,126345,81,spotify:user:,2022-02-24T19:03:45Z,"emo rap,miami hip hop",0.763,0.726,1,-6.405,1,0.282,0.259,0,0.0976,0.349,139.059,4
0afhq8XCExXpqazXczTSve,"6eUKZXaKkcviH0Ku9w2n3V","Galway Girl","÷ (Deluxe)","Ed Sheeran",2017-03-03,170826,78,spotify:user:,2021-12-10T17:26:58Z,"pop,uk pop",0.624,0.876,9,-3.374,1,0.1,0.0735,0,0.327,0.781,99.943,4
6PCUP3dWmTjcTtXY02oFdT,"6eUKZXaKkcviH0Ku9w2n3V","Castle on the Hill","÷ (Deluxe)","Ed Sheeran",2017-03-03,261153,78,spotify:user:,2021-10-18T09:00:00Z,"pop,uk pop",0.461,0.834,2,-4.868,1,0.0989,0.0232,0.0000114,0.14,0.471,135.007,4
34gCuhDGsG4bRPIf9bb02f,"6eUKZXaKkcviH0Ku9w2n3V","Thinking out Loud","x (Deluxe Edition)","Ed Sheeran",2014-06-21,281560,83,spotify:user:,2021-07-21T15:35:04Z,"pop,uk pop",0.781,0.445,2,-6.061,1,0.0295,0.474,0,0.184,0.591,78.998,4
75ZvA4QfFiZvzhj2xkaWAh,"246dkjvS1zLTtiykXe5h60","I Fall Apart","Stoney (Deluxe)","Post Malone",2016-12-09,223346,79,spotify:user:,2021-07-21T15:35:04Z,"dfw rap,melodic rap,rap",0.556,0.538,8,-5.408,0,0.0382,0.0689,0,0.196,0.291,143.95,4
6V1bu6o1Yo5ZXnsCJU8Ovk,"04gDigrS5kc9YWfZHwBETP,4kYSro6naA4h99UJvo89HB","Girls Like You (feat. Cardi B) - Cardi B Version","Red Pill Blues (Deluxe)","Maroon 5,Cardi B",2018-06-15,235545,65,spotify:user:,2021-07-21T15:35:04Z,"pop,dance pop,rap",0.851,0.541,0,-6.825,1,0.0505,0.568,0,0.13,0.448,124.959,4
3a1lNhkSLSkpJE4MSHpDu9,"246dkjvS1zLTtiykXe5h60,0VRj0yCOv2FXJNP47XQnx5","Congratulations","Stoney (Deluxe)","Post Malone,Quavo",2016-12-09,220293,81,spotify:user:,2021-07-21T15:35:04Z,"dfw rap,melodic rap,rap,atl hip hop,hip hop,southern hip hop,trap",0.63,0.804,6,-4.183,1,0.0363,0.215,0,0.253,0.492,123.146,4
2j5hsQvApottzvTn4pFJWF,"04gDigrS5kc9YWfZHwBETP,7tYKF4w9nC0nq9CsPZTHyP","What Lovers Do (feat. SZA)","Red Pill Blues (Deluxe)","Maroon 5,SZA",2018-06-15,199849,65,spotify:user:,2022-01-31T18:10:18Z,"pop,r&b,rap",0.799,0.597,5,-5.131,0,0.0611,0.0788,0.00000566,0.1,0.419,110.001,4
7qiZfU4dY1lWllzX7mPBI3,"6eUKZXaKkcviH0Ku9w2n3V","Shape of You","÷ (Deluxe)","Ed Sheeran",2017-03-03,233712,85,spotify:user:,2021-07-21T15:35:04Z,"pop,uk pop",0.825,0.652,1,-3.183,0,0.0802,0.581,0,0.0931,0.931,95.977,4
22VdIZQfgXJea34mQxlt81,"1Xyo4u8uXC1ZmMpatF05PJ","Can't Feel My Face","Beauty Behind The Madness","The Weeknd",2015-08-28,213520,81,spotify:user:,2021-07-21T15:35:04Z,"canadian contemporary r&b,canadian pop,pop",0.705,0.769,9,-5.526,0,0.0425,0.113,0,0.105,0.583,107.949,4
3swc6WTsr7rl9DqQKQA55C,"246dkjvS1zLTtiykXe5h60,7c0XG5cIJTrrAgEC3ULPiq","Psycho (feat. Ty Dolla $ign)","beerbongs & bentleys","Post Malone,Ty Dolla $ign",2018-04-27,221440,77,spotify:user:,2021-07-21T15:35:04Z,"dfw rap,melodic rap,rap,dance pop,hip hop,pop,pop rap,r&b,southern hip hop,trap,trap soul",0.75,0.56,8,-8.094,1,0.105,0.546,0,0.111,0.459,140.06,4
3dhjNA0jGA8vHBQ1VdD6vV,"1Xyo4u8uXC1ZmMpatF05PJ,4tZwfgrHOc3mvqYlEYSvVi","I Feel It Coming","Starboy","The Weeknd,Daft Punk",2016-11-25,269186,80,spotify:user:,2021-07-21T15:35:04Z,"canadian contemporary r&b,canadian pop,pop,electro,filter house",0.773,0.819,0,-5.946,0,0.118,0.428,0,0.0679,0.585,92.987,4
0e7ipj03S05BNilyu5bRzt,"246dkjvS1zLTtiykXe5h60,1URnnhqYAYcrqrcwql10ft","rockstar (feat. 21 Savage)","beerbongs & bentleys","Post Malone,21 Savage",2018-04-27,218146,84,spotify:user:,2021-07-21T15:35:04Z,"dfw rap,melodic rap,rap,atl hip hop",0.585,0.52,5,-6.136,0,0.0712,0.124,0.0000701,0.131,0.129,159.801,4
